SITUAÇÃO;MARCA/MODELO;ANO/MODELO;COR;DATA DES;MES;
FURTADO;FORD/KA FLEX;2013;PRATA;01/01/2020 00:00:00;JANEIRO
FURTADO;HONDA/CG 125 FAN KS;2009;VERMELHO;01/01/2020 04:20:00;JANEIRO
FURTADO;HONDA/CG 125 FAN ES;2009;VERMELHO;01/01/2020 12:00:00;JANEIRO
FURTADO;HONDA/CG 125 FAN ES;2009;VERMELHO;01/01/2020 12:00:00;JANEIRO
FURTADO;VW/GOL 1000;1995;PRETA;01/01/2020 13:40:00;JANEIRO
FURTADO;VW/GOL 1000;1995;PRETA;01/01/2020 13:40:00;JANEIRO
FURTADO;VW/GOL 1000;1995;PRETA;01/01/2020 13:40:00;JANEIRO
FURTADO;HONDA/CB 300R;2013;PRETA;01/01/2020 18:00:00;JANEIRO
FURTADO;HONDA/CB 300R;2013;PRETA;01/01/2020 18:00:00;JANEIRO
ROUBADO;VW/FOX 1.0;2010;PRATA;01/01/2020 20:14:00;JANEIRO
ROUBADO;CHEVROLET/CLASSIC LS;2011;CINZA;01/01/2020 21:00:00;JANEIRO
FURTADO;FIAT/PALIO FIRE ECONOMY;2010;PRATA;01/01/2020 23:30:00;JANEIRO
FURTADO;HONDA/FIT LX FLEX;2011;CINZA;02/01/2020 00:00:00;JANEIRO
FURTADO;FIAT/UNO MILLE EX;1999;CINZA;02/01/2020 10:00:00;JANEIRO
FURTADO;FIAT/UNO MILLE IE;1996;BRANCO;02/01/2020 18:00:00;JANEIRO
FURTADO;HONDA/CG 125 FAN ES;2010;VERMELHO;02/01/2020 20:00:00;JANEIRO
ROUBADO;JTA/SUZUKI GSXR750;2012;BRANCO;02/01/2020 21:30:00;JANEIRO
ROUBADO;YAMAHA/XTZ150 CROSSER ED;2015;CINZA;02/01/2020 21:30:00;JANEIRO
FURTADO;FIAT/FIORINO IE;2006;BRANCO;03/01/2020 00:00:00;JANEIRO
FURTADO;HONDA/FIT EX FLEX;2011;PRETA;03/01/2020 00:00:00;JANEIRO
FURTADO;HONDA/CIVIC LXR;2015;BRANCO;03/01/2020 00:00:00;JANEIRO
FURTADO;FIAT/ELBA 1.6 IE;1996;CINZA;03/01/2020 01:00:00;JANEIRO
FURTADO;HONDA/NXR160 BROS ESDD;2019;AZUL;03/01/2020 09:00:00;JANEIRO
ROUBADO;GM/MERIVA EXPRESSION;2011;PRATA;03/01/2020 10:35:00;JANEIRO
FURTADO;FORD/FIESTA;0;CINZA;03/01/2020 15:40:00;JANEIRO
FURTADO;GM/CORSA WIND;1996;BRANCO;03/01/2020 16:35:00;JANEIRO
FURTADO;GM/CORSA WIND;1996;BRANCO;03/01/2020 16:35:00;JANEIRO
FURTADO;GM/CORSA SUPER;1997;ROXA;03/01/2020 18:00:00;JANEIRO
FURTADO;I/AUDI A4 2.0T 180HP;2011;CINZA;03/01/2020 20:00:00;JANEIRO
FURTADO;MO/JCB 214E;2012;AMARELO;04/01/2020 00:00:00;JANEIRO
FURTADO;MO/JCB 214E;2012;AMARELO;04/01/2020 00:00:00;JANEIRO
FURTADO;GM/MONZA GLS;1994;CINZA;04/01/2020 00:00:00;JANEIRO
FURTADO;YAMAHA/XT 225;1997;PRETA;04/01/2020 00:00:00;JANEIRO
FURTADO;FIAT/UNO MILLE ECONOMY;0;CINZA;04/01/2020 01:00:00;JANEIRO
FURTADO;GM/CORSA CLASSIC;2003;BRANCO;04/01/2020 06:00:00;JANEIRO
ROUBADO;PEUGEOT/208 GRIFFE A;2016;BRANCO;04/01/2020 12:50:00;JANEIRO
ROUBADO;PEUGEOT/208 GRIFFE A;2016;BRANCO;04/01/2020 12:50:00;JANEIRO
FURTADO;HONDA/CG 150 TITAN KS;2004;VERMELHO;04/01/2020 18:00:00;JANEIRO
FURTADO;HONDA/CBX 250 TWISTER;2005;PRETA;04/01/2020 18:00:00;JANEIRO
ROUBADO;HYUNDAI/HB20 1.0M COMFOR;2019;BRANCO;04/01/2020 20:50:00;JANEIRO
ROUBADO;HONDA/CITY EX CVT;2015;BRANCO;04/01/2020 22:30:00;JANEIRO
FURTADO;FORD/KA FLEX;2009;VERMELHO;05/01/2020 00:00:00;JANEIRO
FURTADO;FORD/FIESTA 1.6 FLEX;2011;PRATA;05/01/2020 00:00:00;JANEIRO
FURTADO;CHEVROLET/ONIX 1.4MT LT;2013;PRETA;05/01/2020 00:00:00;JANEIRO
FURTADO;VW/GOL SPECIAL;2004;BRANCO;05/01/2020 00:00:00;JANEIRO
FURTADO;VW/GOL SPECIAL;2004;BRANCO;05/01/2020 00:00:00;JANEIRO
ROUBADO;VW/13.180;2002;BRANCO;05/01/2020 00:38:00;JANEIRO
ROUBADO;YAMAHA/YBR 125K;2006;PRATA;05/01/2020 00:40:00;JANEIRO
ROUBADO;HONDA/CIVIC LXR;2014;BRANCO;05/01/2020 08:10:00;JANEIRO
ROUBADO;HONDA/CIVIC LXR;2014;BRANCO;05/01/2020 08:10:00;JANEIRO
FURTADO;VW/GOL SPECIAL;2002;PRATA;05/01/2020 11:00:00;JANEIRO
FURTADO;I/FIAT SIENA EL FLEX;2012;AZUL;05/01/2020 17:50:00;JANEIRO
FURTADO;I/FIAT SIENA EL FLEX;2012;AZUL;05/01/2020 17:50:00;JANEIRO
FURTADO;VW/NOVO GOL TL MBV;0;PRATA;05/01/2020 20:00:00;JANEIRO
FURTADO;CITROEN/XSARA PICASSO EX;2001;PRATA;05/01/2020 23:00:00;JANEIRO
FURTADO;VW/GOL 1.0L MC4;2019;BRANCO;05/01/2020 23:00:00;JANEIRO
FURTADO;IMP/FIAT UNO MILLE SX;1998;VERMELHO;06/01/2020 00:00:00;JANEIRO
FURTADO;FIAT/STRADA HD WK CC E;2020;BRANCO;06/01/2020 00:00:00;JANEIRO
FURTADO;JTA/SUZUKI EN125 YES;0;PRATA;06/01/2020 07:40:00;JANEIRO
FURTADO;I/TOYOTA/FIELDER;2006;PRETA;06/01/2020 12:00:00;JANEIRO
FURTADO;JTA/SUZUKI BANDIT 1200S;2006;PRETA;06/01/2020 12:00:00;JANEIRO
FURTADO;FIAT/UNO MILLE SX;1997;AZUL;06/01/2020 17:00:00;JANEIRO
FURTADO;R/REBOQUE RG MINEIRINHA;2018;PRETA;06/01/2020 18:00:00;JANEIRO
FURTADO;VW/GOL SPECIAL;2003;CINZA;06/01/2020 20:00:00;JANEIRO
FURTADO;I/PEUGEOT 307 SD16 PR PK;2009;PRATA;06/01/2020 23:00:00;JANEIRO
ROUBADO;FORD/KA SE 1.5 HA C;2019;CINZA;06/01/2020 23:30:00;JANEIRO
FURTADO;CHEVROLET/MONTANA LS2;2020;BRANCO;07/01/2020 00:00:00;JANEIRO
FURTADO;VW/GOL 1.6L MB5;2019;PRATA;07/01/2020 01:00:00;JANEIRO
FURTADO;GM/MONTANA CONQUEST;0;PRATA;07/01/2020 02:00:00;JANEIRO
FURTADO;VW/NOVO GOL TRACK MCV;2018;BRANCO;07/01/2020 06:00:00;JANEIRO
ROUBADO;I/PEUGEOT 308 ALLURE BVA;2014;BRANCO;07/01/2020 07:10:00;JANEIRO
ROUBADO;FORD/CARGO 1317 E;2011;PRATA;07/01/2020 07:45:00;JANEIRO
FURTADO;HONDA/CBX 250 TWISTER;2003;VERDE;07/01/2020 18:00:00;JANEIRO
FURTADO;HONDA/CBX 250 TWISTER;2003;VERDE;07/01/2020 18:00:00;JANEIRO
ROUBADO;CHEVROLET/ONIX 1.0MT LT;2018;PRATA;07/01/2020 19:10:00;JANEIRO
ROUBADO;I/HYUNDAI I30 2.0;2012;PRETA;07/01/2020 22:30:00;JANEIRO
ROUBADO;I/HYUNDAI I30 2.0;2012;PRETA;07/01/2020 22:30:00;JANEIRO
FURTADO;VW/8.120 EURO3;2011;AZUL;08/01/2020 00:00:00;JANEIRO
FURTADO;VW/8.120 EURO3;2011;AZUL;08/01/2020 00:00:00;JANEIRO
FURTADO;CHEVROLET/MONTANA LS;2016;PRATA;08/01/2020 00:00:00;JANEIRO
FURTADO;VW/NOVO GOL 1.0 CITY;2014;BRANCO;08/01/2020 00:00:00;JANEIRO
FURTADO;PEUGEOT/208 GRIFFE;2013;PRATA;08/01/2020 06:00:00;JANEIRO
ROUBADO;VW/24.280 CRM 6X2;2019;BRANCO;08/01/2020 09:50:00;JANEIRO
ROUBADO;VW/24.280 CRM 6X2;2019;BRANCO;08/01/2020 09:50:00;JANEIRO
ROUBADO;FORD/FIESTA SEDAN FLEX;2014;PRETA;08/01/2020 14:50:00;JANEIRO
FURTADO;VW/GOL 1.0;2012;CINZA;08/01/2020 17:30:00;JANEIRO
ROUBADO;FIAT/PUNTO ELX 1.4;2010;VERMELHO;08/01/2020 20:20:00;JANEIRO
ROUBADO;FIAT/PUNTO ELX 1.4;2010;VERMELHO;08/01/2020 20:20:00;JANEIRO
ROUBADO;CHEVROLET/ONIX 1.0MT LT;2014;BRANCO;08/01/2020 21:30:00;JANEIRO
FURTADO;FORD/FIESTA CLX;1997;VERMELHO;09/01/2020 00:00:00;JANEIRO
FURTADO;VW/GOL 1.0L MC4;2020;BRANCO;09/01/2020 00:00:00;JANEIRO
ROUBADO;HONDA/CG 160 TITAN;2019;AZUL;09/01/2020 01:30:00;JANEIRO
FURTADO;VW/NOVA SAVEIRO CE;0;PRATA;09/01/2020 02:00:00;JANEIRO
FURTADO;FORD/ECOSPORT SE AT 2.0;2013;PRATA;09/01/2020 06:40:00;JANEIRO
ROUBADO;FORD/CARGO 2629 6X4;2017;BRANCO;09/01/2020 10:20:00;JANEIRO
FURTADO;VW/GOL 16V PLUS;2001;AZUL;09/01/2020 14:30:00;JANEIRO
FURTADO;HONDA/CG 150 TITAN ESD;2007;AZUL;09/01/2020 16:10:00;JANEIRO
FURTADO;HYUNDAI/HB20 1.0M COMFOR;0;PRETA;09/01/2020 17:00:00;JANEIRO
FURTADO;VW/UP MOVE MDV;2018;PRATA;09/01/2020 20:00:00;JANEIRO
FURTADO;VW/NOVO GOL 1.0;0;BRANCO;09/01/2020 21:00:00;JANEIRO
ROUBADO;FORD/KA FLEX;2010;PRETA;09/01/2020 21:30:00;JANEIRO
FURTADO;CHEV/PRISMA 1.0MT LT;2013;PRATA;10/01/2020 00:00:00;JANEIRO
ROUBADO;HONDA/XRE 300;2014;BRANCO;10/01/2020 00:10:00;JANEIRO
ROUBADO;VW/24.280 CRM 6X2;2012;BRANCO;10/01/2020 01:00:00;JANEIRO
ROUBADO;HONDA/CBX 250 TWISTER;2005;PRATA;10/01/2020 06:00:00;JANEIRO
ROUBADO;FIAT/STRADA HD WK CC E;2018;BRANCO;10/01/2020 06:30:00;JANEIRO
FURTADO;CHEVROLET/MONTANA LS2;0;PRATA;10/01/2020 07:00:00;JANEIRO
FURTADO;CITROEN/C3 XTR 16 FLEX;0;PRATA;10/01/2020 09:00:00;JANEIRO
FURTADO;FIAT/UNO VIVACE 1.0;2013;PRATA;10/01/2020 10:00:00;JANEIRO
FURTADO;FIAT/UNO VIVACE 1.0;2013;PRATA;10/01/2020 10:00:00;JANEIRO
FURTADO;HONDA/CG 125 TITAN ES;2004;VERMELHO;10/01/2020 12:00:00;JANEIRO
FURTADO;HONDA/CG 125 TITAN ES;2004;VERMELHO;10/01/2020 12:00:00;JANEIRO
FURTADO;HONDA/CG 150 TITAN KS;2007;PRETA;10/01/2020 14:00:00;JANEIRO
FURTADO;HONDA/CG 150 TITAN KS;2007;PRETA;10/01/2020 14:00:00;JANEIRO
FURTADO;GM/MERIVA PREMIUM;0;PRATA;10/01/2020 23:40:00;JANEIRO
FURTADO;HONDA/CBX 250 TWISTER;2006;PRATA;11/01/2020 00:00:00;JANEIRO
FURTADO;FIAT/FIORINO FLEX;2011;BRANCO;11/01/2020 07:10:00;JANEIRO
ROUBADO;RENAULT/SANDERO EXP1016V;2012;PRATA;11/01/2020 19:00:00;JANEIRO
ROUBADO;CHEV/PRISMA 1.4AT ADV;0;PRATA;11/01/2020 20:10:00;JANEIRO
ROUBADO;CHEV/PRISMA 1.4AT ADV;0;PRATA;11/01/2020 20:10:00;JANEIRO
ROUBADO;YAMAHA/XTZ250 LANDER;2020;BRANCO;11/01/2020 20:30:00;JANEIRO
FURTADO;VW/SAVEIRO CLI;1997;BRANCO;11/01/2020 21:00:00;JANEIRO
ROUBADO;IMP/MMC GALANT VR;1997;PRATA;11/01/2020 23:00:00;JANEIRO
FURTADO;HONDA/CG 150 TITAN KS;2006;VERMELHO;12/01/2020 00:00:00;JANEIRO
FURTADO;I/GM CAPTIVA SPORT 2.4;0;PRETA;12/01/2020 01:12:00;JANEIRO
FURTADO;HONDA/CG 150 FAN ESI;2010;VERMELHO;12/01/2020 20:00:00;JANEIRO
FURTADO;VW/GOL CL;1988;AZUL;13/01/2020 00:00:00;JANEIRO
FURTADO;HONDA/CG 125 TITAN ES;2002;PRATA;13/01/2020 00:00:00;JANEIRO
FURTADO;HONDA/CB 300R;2012;AZUL;13/01/2020 00:00:00;JANEIRO
FURTADO;HONDA/CG 150 TITAN ES;2005;AZUL;13/01/2020 00:00:00;JANEIRO
FURTADO;VW/GOL GLI 1.8;1995;AZUL;13/01/2020 00:00:00;JANEIRO
FURTADO;VW/GOL GLI 1.8;1995;AZUL;13/01/2020 00:00:00;JANEIRO
FURTADO;YAMAHA/FACTOR YBR125 E;2011;PRETA;13/01/2020 02:30:00;JANEIRO
FURTADO;VW/NOVA SAVEIRO RB MBVS;0;BRANCO;13/01/2020 03:00:00;JANEIRO
ROUBADO;YAMAHA/YBR125 FACTOR K1;2016;VERMELHO;13/01/2020 12:00:00;JANEIRO
ROUBADO;M.BENZ/ATEGO 1719;2018;BRANCO;13/01/2020 12:20:00;JANEIRO
FURTADO;I/VW SPACEFOX GII;2011;PRATA;13/01/2020 14:30:00;JANEIRO
FURTADO;I/VW SPACEFOX GII;2011;PRATA;13/01/2020 14:30:00;JANEIRO
FURTADO;HONDA/CBX 250 TWISTER;2005;VERMELHO;13/01/2020 16:00:00;JANEIRO
FURTADO;VW/GOL CLI;1996;VERMELHO;13/01/2020 16:31:00;JANEIRO
FURTADO;VW/GOL 1.6;2009;CINZA;13/01/2020 18:00:00;JANEIRO
ROUBADO;HONDA/CIVIC LXL;2013;PRETA;13/01/2020 19:30:00;JANEIRO
FURTADO;FORD/FIESTA;0;PRATA;13/01/2020 20:30:00;JANEIRO
FURTADO;VW/NOVA SAVEIRO CS;2014;BRANCO;13/01/2020 21:00:00;JANEIRO
FURTADO;I/HYUNDAI I30 2.0;0;PRATA;13/01/2020 23:40:00;JANEIRO
FURTADO;VW/VOYAGE CL MB;2015;PRATA;14/01/2020 00:00:00;JANEIRO
FURTADO;I/FIAT PALIO ATTRACT 1.0;2015;PRATA;14/01/2020 00:00:00;JANEIRO
FURTADO;FIAT/UNO ATTRACTIVE 1.0;2019;BRANCO;14/01/2020 00:00:00;JANEIRO
ROUBADO;SR/FACCHINI SRF LO;2010;BRANCO;14/01/2020 06:00:00;JANEIRO
ROUBADO;VOLVO/FH 400 4X2T;2011;BRANCO;14/01/2020 06:00:00;JANEIRO
ROUBADO;HONDA/NX-4 FALCON;2000;AZUL;14/01/2020 06:00:00;JANEIRO
ROUBADO;I/PEUGEOT 408 ALLURE;2013;PRETA;14/01/2020 12:00:00;JANEIRO
FURTADO;HONDA/XRE 300;2010;AMARELO;14/01/2020 12:00:00;JANEIRO
FURTADO;RENAULT/SANDERO EXP16SCE;2017;BRANCO;14/01/2020 12:00:00;JANEIRO
FURTADO;I/CHEVROLET AGILE LTZ;2011;PRATA;14/01/2020 18:00:00;JANEIRO
FURTADO;VW/FOX 1.6 GII;2014;BRANCO;14/01/2020 18:00:00;JANEIRO
FURTADO;FIAT/STRADA HD WK CC E;2020;BRANCO;15/01/2020 00:00:00;JANEIRO
FURTADO;FIAT/STRADA WORKING CD;2014;BRANCO;15/01/2020 00:00:00;JANEIRO
FURTADO;VW/GOL MI;1998;VERMELHO;15/01/2020 00:05:00;JANEIRO
FURTADO;HONDA/CG150 START;2015;VERMELHO;15/01/2020 00:30:00;JANEIRO
ROUBADO;VW/GOL TL MB S;2015;BRANCO;15/01/2020 01:00:00;JANEIRO
ROUBADO;HONDA/CG150 FAN ESDI;2011;PRETA;15/01/2020 01:20:00;JANEIRO
ROUBADO;HONDA/CG150 FAN ESDI;2011;PRETA;15/01/2020 01:20:00;JANEIRO
ROUBADO;HONDA/CG150 FAN ESDI;2011;PRETA;15/01/2020 01:20:00;JANEIRO
ROUBADO;HONDA/CG 150 TITAN KS;2008;PRETA;15/01/2020 01:20:00;JANEIRO
FURTADO;VW/FOX CONNECT MB;0;CINZA;15/01/2020 10:00:00;JANEIRO
FURTADO;VW/FOX 1.6;2005;CINZA;15/01/2020 12:00:00;JANEIRO
FURTADO;FORD/FIESTA FLEX;2008;PRATA;15/01/2020 15:00:00;JANEIRO
FURTADO;VW/GOL GL;1988;PRATA;15/01/2020 18:00:00;JANEIRO
FURTADO;JTA/SUZUKI EN125 YES;2008;VERMELHO;15/01/2020 19:00:00;JANEIRO
FURTADO;PEUGEOT/207PASSION XR S;2011;PRETA;15/01/2020 20:00:00;JANEIRO
ROUBADO;HYUNDAI/HB20 1.0M COMFOR;2019;CINZA;15/01/2020 22:20:00;JANEIRO
ROUBADO;FIAT/FIORINO 1.4 FLEX;2018;BRANCO;16/01/2020 02:00:00;JANEIRO
ROUBADO;FIAT/FIORINO 1.4 FLEX;2018;BRANCO;16/01/2020 02:00:00;JANEIRO
FURTADO;VW/POLO 1.6 SPORTLINE;2007;PRATA;16/01/2020 03:00:00;JANEIRO
FURTADO;FIAT/MOBI LIKE;2017;BRANCO;16/01/2020 05:00:00;JANEIRO
FURTADO;M.B./M.BENZ L 1513;1980;BRANCO;16/01/2020 06:00:00;JANEIRO
FURTADO;VW/GOL 1.0 GIV;2011;PRETA;16/01/2020 08:00:00;JANEIRO
FURTADO;VW/GOL 1.0 GIV;2011;PRETA;16/01/2020 08:00:00;JANEIRO
FURTADO;VW/NOVO VOYAGE 1.0;0;PRATA;16/01/2020 08:00:00;JANEIRO
FURTADO;REB/KARMANN CARAVAN;1983;BRANCO;16/01/2020 12:00:00;JANEIRO
FURTADO;RENAULT/SANDERO EXPR 16;2017;BRANCO;16/01/2020 12:00:00;JANEIRO
FURTADO;VW/NOVO VOYAGE TL MBV;2018;BRANCO;16/01/2020 12:00:00;JANEIRO
FURTADO;FIAT/SIENA ELX FLEX;2008;PRATA;16/01/2020 17:00:00;JANEIRO
ROUBADO;I/VW SPACEFOX TREND GII;0;PRETA;16/01/2020 18:13:00;JANEIRO
ROUBADO;FORD/KA FLEX;2010;VERMELHO;16/01/2020 18:50:00;JANEIRO
FURTADO;I/VW JETTA 2.0;2013;BRANCO;16/01/2020 19:00:00;JANEIRO
FURTADO;I/VW JETTA 2.0;2013;BRANCO;16/01/2020 19:00:00;JANEIRO
FURTADO;PEUGEOT/207HB XR;2011;PRATA;16/01/2020 19:30:00;JANEIRO
ROUBADO;FORD/FIESTA HA 1.6L SE;2015;PRATA;16/01/2020 20:00:00;JANEIRO
ROUBADO;I/RENAULT CLIO CAM 10H3P;0;VERMELHO;16/01/2020 22:20:00;JANEIRO
ROUBADO;I/RENAULT CLIO CAM 10H3P;0;VERMELHO;16/01/2020 22:20:00;JANEIRO
FURTADO;VW/GOL SPECIAL;1999;CINZA;17/01/2020 00:00:00;JANEIRO
FURTADO;FIAT/UNO CS IE;1994;VERDE;17/01/2020 00:00:00;JANEIRO
FURTADO;M.B./M.BENZ L 1313;1984;VERMELHO;17/01/2020 00:00:00;JANEIRO
FURTADO;VW/SAVEIRO CD CROSS MA;2018;CINZA;17/01/2020 00:00:00;JANEIRO
FURTADO;GM/MONZA HI TECH;1994;AZUL;17/01/2020 06:00:00;JANEIRO
FURTADO;FIAT/PALIO EX FLEX;2006;VERMELHO;17/01/2020 06:00:00;JANEIRO
ROUBADO;I/KIA UK2500 HD SC;2015;BRANCO;17/01/2020 07:40:00;JANEIRO
FURTADO;CHEVROLET/CRUZE LTZ NB;2014;PRATA;17/01/2020 08:00:00;JANEIRO
ROUBADO;HYUNDAI/HB20 1.0M COMFOR;2015;PRETA;17/01/2020 08:00:00;JANEIRO
FURTADO;HYUNDAI/HB20 1.0M COMFOR;2017;PRETA;17/01/2020 11:00:00;JANEIRO
FURTADO;FORD/ESCORT 1.8I GL;1994;CINZA;17/01/2020 12:00:00;JANEIRO
FURTADO;FORD/ESCORT 1.8I GL;1994;CINZA;17/01/2020 12:00:00;JANEIRO
FURTADO;FORD/ESCORT 1.8I GL;1994;CINZA;17/01/2020 12:00:00;JANEIRO
FURTADO;GM/MERIVA MAXX;2010;BRANCO;17/01/2020 12:00:00;JANEIRO
FURTADO;YAMAHA/FAZER YS250 LE;2010;PRETA;17/01/2020 12:00:00;JANEIRO
FURTADO;I/PEUGEOT 307 16 PR PK;2009;PRETA;17/01/2020 12:00:00;JANEIRO
ROUBADO;M.BENZ/ATEGO 1719;2017;BRANCO;17/01/2020 12:00:00;JANEIRO
ROUBADO;HONDA/CG150 FAN ESDI;2015;PRETA;17/01/2020 17:10:00;JANEIRO
ROUBADO;CHEVROLET/COBALT 1.8 LTZ;2016;PRATA;17/01/2020 17:15:00;JANEIRO
ROUBADO;HONDA/CB 300R;2010;AMARELO;17/01/2020 18:00:00;JANEIRO
FURTADO;I/FIAT PALIO ESSENCE 1.6;0;BRANCO;17/01/2020 20:00:00;JANEIRO
FURTADO;CHEVROLET/COBALT 1.4 LTZ;0;BRANCO;17/01/2020 20:45:00;JANEIRO
ROUBADO;HONDA/CITY EX FLEX;2010;CINZA;17/01/2020 20:50:00;JANEIRO
FURTADO;FIAT/PALIO EDX;1997;AZUL;17/01/2020 23:40:00;JANEIRO
FURTADO;VW/GOL 1000I;1995;PRETA;18/01/2020 00:00:00;JANEIRO
FURTADO;GM/MONZA CLUB;1994;VERMELHO;18/01/2020 00:00:00;JANEIRO
FURTADO;GM/CORSA WIND;1996;CINZA;18/01/2020 00:00:00;JANEIRO
ROUBADO;GM/PRISMA MAXX;2010;VERDE;18/01/2020 06:50:00;JANEIRO
FURTADO;VW/FOX 1.6 GII;2014;BRANCO;18/01/2020 11:30:00;JANEIRO
FURTADO;VW/GOL 16V;1999;VERDE;18/01/2020 18:00:00;JANEIRO
ROUBADO;YAMAHA/YBR150 FACTOR E;2016;PRETA;18/01/2020 22:00:00;JANEIRO
ROUBADO;HONDA/CG 150 FAN ESI;2010;VERMELHO;18/01/2020 22:15:00;JANEIRO
FURTADO;FIAT/SIENA FIRE;2003;PRATA;18/01/2020 23:30:00;JANEIRO
ROUBADO;HONDA/CBX 250 TWISTER;2008;CINZA;19/01/2020 09:50:00;JANEIRO
FURTADO;I/PEUGEOT 307 16 FX PR;2007;CINZA;19/01/2020 11:30:00;JANEIRO
ROUBADO;CHEVROLET/S10 LTZ FD2;2013;BRANCO;19/01/2020 21:30:00;JANEIRO
FURTADO;I/CHEVROLET AGILE LTZ;2012;CINZA;19/01/2020 21:40:00;JANEIRO
FURTADO;RENAULT/KWID ZEN 10MT;0;PRATA;19/01/2020 22:00:00;JANEIRO
FURTADO;RENAULT/KWID ZEN 10MT;0;PRATA;19/01/2020 22:00:00;JANEIRO
FURTADO;FIAT/UNO MILLE BRIO;1991;CINZA;20/01/2020 00:00:00;JANEIRO
FURTADO;VW/GOL CL;1993;CINZA;20/01/2020 00:00:00;JANEIRO
FURTADO;FORD/VERONA GLX;1990;CINZA;20/01/2020 00:00:00;JANEIRO
FURTADO;VW/NOVA SAVEIRO CE;2014;PRETA;20/01/2020 00:30:00;JANEIRO
FURTADO;GM/CORSA WIND;2000;AZUL;20/01/2020 02:40:00;JANEIRO
ROUBADO;CHEVROLET/MONTANA LS;0;PRATA;20/01/2020 17:30:00;JANEIRO
FURTADO;YAMAHA/FACTOR YBR125 K;0;VERMELHO;20/01/2020 19:49:00;JANEIRO
FURTADO;PEUGEOT/208 ALLURE;0;BRANCO;20/01/2020 22:00:00;JANEIRO
FURTADO;HONDA/C100 BIZ ES;2000;AZUL;21/01/2020 00:00:00;JANEIRO
FURTADO;VW/NOVA SAVEIRO TL MBVS;2020;PRATA;21/01/2020 00:00:00;JANEIRO
FURTADO;VW/FOX CONNECT MB;2019;BRANCO;21/01/2020 08:00:00;JANEIRO
FURTADO;FORD/KA SE 1.0 HA B;2018;PRATA;21/01/2020 12:00:00;JANEIRO
FURTADO;CHEVROLET/ONIX 1.4MT LTZ;2015;PRATA;21/01/2020 15:00:00;JANEIRO
FURTADO;FORD/KA SE 1.0 HA B;0;BRANCO;21/01/2020 16:35:00;JANEIRO
ROUBADO;HYUNDAI/HB20S 1.6M COMF;2015;PRETA;21/01/2020 20:40:00;JANEIRO
FURTADO;VW/CROSSFOX;0;PRETA;21/01/2020 20:51:00;JANEIRO
FURTADO;HONDA/CG 150 TITAN KS;2005;VERMELHO;21/01/2020 21:00:00;JANEIRO
FURTADO;FIAT/PUNTO ATTRACTIVE;2016;BRANCO;21/01/2020 22:10:00;JANEIRO
FURTADO;VW/SAVEIRO GL;1990;VERDE;22/01/2020 00:00:00;JANEIRO
FURTADO;VW/30.280 CRM 8X2;2020;BRANCO;22/01/2020 00:00:00;JANEIRO
FURTADO;GM/CLASSIC LIFE;2008;PRETA;22/01/2020 06:00:00;JANEIRO
FURTADO;VW/FOX XTREME MB;2018;BRANCO;22/01/2020 06:00:00;JANEIRO
ROUBADO;FORD/CARGO 2428 E;2011;PRATA;22/01/2020 10:30:00;JANEIRO
FURTADO;VW/FOX 1.6 PRIME GII;2011;PRETA;22/01/2020 12:00:00;JANEIRO
FURTADO;RENAULT/MEGANEGT DYN 16;2012;PRATA;22/01/2020 12:00:00;JANEIRO
FURTADO;VW/30.280 CRM 8X2;2020;BRANCO;22/01/2020 17:00:00;JANEIRO
FURTADO;YAMAHA/XTZ250 LANDER;0;CINZA;22/01/2020 19:10:00;JANEIRO
FURTADO;YAMAHA/XTZ250 LANDER;0;CINZA;22/01/2020 19:10:00;JANEIRO
FURTADO;YAMAHA/XTZ250 LANDER;0;CINZA;22/01/2020 19:10:00;JANEIRO
FURTADO;I/FORD FOCUS 1.6L HA;0;PRATA;22/01/2020 22:30:00;JANEIRO
FURTADO;HONDA/CIVIC LXR;2014;CINZA;22/01/2020 23:45:00;JANEIRO
FURTADO;GM/KADETT GL;1996;VERMELHO;23/01/2020 00:00:00;JANEIRO
FURTADO;I/CHEVROLET AGILE LTZ;2012;VERDE;23/01/2020 00:00:00;JANEIRO
FURTADO;HONDA/CG150 FAN ESDI;2015;PRETA;23/01/2020 00:00:00;JANEIRO
FURTADO;HONDA/CG150 FAN ESDI;2015;PRETA;23/01/2020 00:00:00;JANEIRO
FURTADO;FIAT/MOBI EASY;2018;PRATA;23/01/2020 00:00:00;JANEIRO
FURTADO;FIAT/MOBI EASY;2018;PRATA;23/01/2020 00:00:00;JANEIRO
ROUBADO;REB/ROSSETTI SRBA ST3.25;2001;AZUL;23/01/2020 01:00:00;JANEIRO
FURTADO;HONDA/POP 110I;2018;BRANCO;23/01/2020 03:49:00;JANEIRO
FURTADO;RENAULT/LOGAN AUT 1016V;2011;PRETA;23/01/2020 03:50:00;JANEIRO
FURTADO;FIAT/MOBI LIKE;0;PRETA;23/01/2020 04:50:00;JANEIRO
ROUBADO;HONDA/FIT LX FLEX;2011;CINZA;23/01/2020 07:15:00;JANEIRO
FURTADO;VW/GOL TL MB S;0;VERMELHO;23/01/2020 13:40:00;JANEIRO
FURTADO;VW/GOL 1.0L MC4;0;CINZA;23/01/2020 16:30:00;JANEIRO
FURTADO;VW/8.120 EURO3;2008;AZUL;23/01/2020 18:00:00;JANEIRO
FURTADO;VW/8.120 EURO3;2008;AZUL;23/01/2020 18:00:00;JANEIRO
FURTADO;FIAT/UNO MILLE ELECTRONI;1993;CINZA;23/01/2020 18:00:00;JANEIRO
FURTADO;FIAT/UNO MILLE ELECTRONI;1993;CINZA;23/01/2020 18:00:00;JANEIRO
ROUBADO;HONDA/CG 150 TITAN KS;2005;AZUL;23/01/2020 18:00:00;JANEIRO
FURTADO;FIAT/UNO VIVACE 1.0;2012;CINZA;23/01/2020 18:00:00;JANEIRO
FURTADO;FIAT/PALIO ELX FLEX;0;VERMELHO;23/01/2020 18:10:00;JANEIRO
FURTADO;I/HYUNDAI VERACRUZ 3.8V6;0;PRETA;23/01/2020 21:00:00;JANEIRO
FURTADO;I/HYUNDAI VERACRUZ 3.8V6;0;PRETA;23/01/2020 21:00:00;JANEIRO
FURTADO;I/HYUNDAI VERACRUZ 3.8V6;0;PRETA;23/01/2020 21:00:00;JANEIRO
FURTADO;I/HYUNDAI TUCSON GLS 20L;0;PRETA;23/01/2020 21:15:00;JANEIRO
FURTADO;VW/13.180 CNM;2011;BRANCO;24/01/2020 00:00:00;JANEIRO
FURTADO;FIAT/STRADA WORKING;2013;AZUL;24/01/2020 00:00:00;JANEIRO
FURTADO;FIAT/UNO ATTRACTIVE 1.0;2016;PRETA;24/01/2020 00:00:00;JANEIRO
ROUBADO;RENAULT/MASTER CH CABINE;2018;BRANCO;24/01/2020 02:20:00;JANEIRO
ROUBADO;RENAULT/MASTER CH CABINE;2018;BRANCO;24/01/2020 02:20:00;JANEIRO
ROUBADO;RENAULT/MASTER CH CABINE;2018;BRANCO;24/01/2020 02:20:00;JANEIRO
ROUBADO;RENAULT/MASTER CH CABINE;2018;BRANCO;24/01/2020 02:20:00;JANEIRO
ROUBADO;CHEVROLET/CRUZE LT HB;2015;PRETA;24/01/2020 03:30:00;JANEIRO
FURTADO;RENAULT/SANDERO STEP 16;2017;PRATA;24/01/2020 06:00:00;JANEIRO
ROUBADO;I/TOYOTA COROLLA;0;PRATA;24/01/2020 08:00:00;JANEIRO
FURTADO;CHEVROLET/CLASSIC LS;2013;PRETA;24/01/2020 12:00:00;JANEIRO
FURTADO;VW/GOL 1.0L MC4;0;BRANCO;24/01/2020 18:00:00;JANEIRO
FURTADO;GM/VECTRA SEDAN ELITE;0;PRETA;24/01/2020 18:00:00;JANEIRO
FURTADO;I/PEUGEOT 208;0;BRANCO;24/01/2020 19:30:00;JANEIRO
FURTADO;FORD/FIESTA HA 1.6L SE A;2014;PRETA;24/01/2020 20:00:00;JANEIRO
FURTADO;NISSAN/MARCH 10S;2017;BRANCO;24/01/2020 20:25:00;JANEIRO
ROUBADO;SR/GOYDO SRCAB TG03;2011;PRATA;24/01/2020 22:00:00;JANEIRO
ROUBADO;VW/25.370 CLM T 6X2;2008;BRANCO;24/01/2020 22:00:00;JANEIRO
FURTADO;GM/CELTA 4P SPIRIT;2007;VERMELHO;25/01/2020 00:00:00;JANEIRO
FURTADO;GM/CELTA 4P SPIRIT;2007;VERMELHO;25/01/2020 00:00:00;JANEIRO
FURTADO;CHEVROLET/CLASSIC LS;2012;BEGE;25/01/2020 00:00:00;JANEIRO
FURTADO;GM/PRISMA MAXX;2011;PRETA;25/01/2020 00:00:00;JANEIRO
FURTADO;RENAULT/LOGAN AUTH 10;2019;PRETA;25/01/2020 06:00:00;JANEIRO
ROUBADO;GM/CORSA WIND;2001;AZUL;25/01/2020 07:10:00;JANEIRO
ROUBADO;GM/CORSA WIND;2001;AZUL;25/01/2020 07:10:00;JANEIRO
FURTADO;CHEVROLET/ONIX 1.0MT LT;2015;PRETA;25/01/2020 15:20:00;JANEIRO
ROUBADO;CITROEN/C3 GLX 14 FLEX;2011;PRETA;25/01/2020 18:00:00;JANEIRO
ROUBADO;FIAT/SIENA ESSENCE 1.6;2014;BRANCO;25/01/2020 18:20:00;JANEIRO
ROUBADO;FIAT/SIENA ESSENCE 1.6;2014;BRANCO;25/01/2020 18:20:00;JANEIRO
FURTADO;HONDA/FIT LX FLEX;0;CINZA;25/01/2020 18:30:00;JANEIRO
ROUBADO;HONDA/CG 160 FAN ESDI;2017;VERMELHO;25/01/2020 20:00:00;JANEIRO
FURTADO;GM/CHEVROLET D 20;1986;FANTASIA;25/01/2020 21:10:00;JANEIRO
FURTADO;GM/CHEVROLET D 20;1986;FANTASIA;25/01/2020 21:10:00;JANEIRO
FURTADO;GM/MERIVA JOY;2007;PRETA;25/01/2020 21:30:00;JANEIRO
FURTADO;I/VW SPACEFOX;2007;PRATA;25/01/2020 22:00:00;JANEIRO
FURTADO;VW/GOL 1.0;2009;PRETA;26/01/2020 00:00:00;JANEIRO
FURTADO;VW/GOL 1.0;2009;PRETA;26/01/2020 00:00:00;JANEIRO
FURTADO;HONDA/CG 125 TITAN KS;2004;PRETA;26/01/2020 09:30:00;JANEIRO
ROUBADO;FIAT/MOBI LIKE;2020;VERMELHO;26/01/2020 10:40:00;JANEIRO
ROUBADO;HONDA/CG150 FAN ESDI;2014;VERMELHO;26/01/2020 12:00:00;JANEIRO
ROUBADO;HONDA/CB 300R;2013;AMARELO;26/01/2020 16:40:00;JANEIRO
FURTADO;FIAT/PALIO ELX FLEX;0;PRATA;26/01/2020 17:00:00;JANEIRO
ROUBADO;HONDA/CG 160 FAN ESDI;2017;PRETA;26/01/2020 18:00:00;JANEIRO
FURTADO;VW/SAVEIRO 1.6 CS;2011;PRATA;26/01/2020 20:00:00;JANEIRO
ROUBADO;CHEVROLET/ONIX 1.0MT LT;2017;CINZA;26/01/2020 20:30:00;JANEIRO
FURTADO;JTA/SUZUKI EN125 YES SE;0;AMARELO;26/01/2020 21:00:00;JANEIRO
FURTADO;FORD/FIESTA;0;PRATA;27/01/2020 10:00:00;JANEIRO
FURTADO;VW/POLO 1.6;0;PRATA;27/01/2020 12:07:00;JANEIRO
FURTADO;VW/POLO 1.6;0;PRATA;27/01/2020 12:07:00;JANEIRO
FURTADO;CHEVROLET/PRISMA 1.4L LT;2012;PRETA;27/01/2020 13:50:00;JANEIRO
ROUBADO;HONDA/CG 160/TITAN 25A;2019;PRATA;27/01/2020 15:45:00;JANEIRO
FURTADO;HYUNDAI/HB20 1.0M COMFOR;2017;CINZA;27/01/2020 19:00:00;JANEIRO
FURTADO;I/MMC LANCER 2.0;0;PRATA;27/01/2020 20:00:00;JANEIRO
FURTADO;HONDA/NXR125 BROS KS;0;AZUL;27/01/2020 22:30:00;JANEIRO
FURTADO;HONDA/C100 BIZ;1998;AMARELO;28/01/2020 00:00:00;JANEIRO
FURTADO;VW/VOYAGE TL MB S;2015;PRATA;28/01/2020 04:00:00;JANEIRO
FURTADO;CHEVROLET/CRUZE LT NB;0;CINZA;28/01/2020 07:50:00;JANEIRO
FURTADO;JTA/SUZUKI EN125 YES;2008;PRETA;28/01/2020 09:00:00;JANEIRO
FURTADO;FIAT/SIENA EL FLEX;0;PRATA;28/01/2020 09:00:00;JANEIRO
FURTADO;HONDA/CG 160 START;2019;PRETA;28/01/2020 10:30:00;JANEIRO
ROUBADO;FIAT/DUCATO MAXICARGO;2016;BRANCO;28/01/2020 12:00:00;JANEIRO
FURTADO;HONDA/CBX 200 STRADA;1997;AZUL;28/01/2020 13:00:00;JANEIRO
FURTADO;VW/NOVO GOL TL MCV;0;BRANCO;28/01/2020 15:45:00;JANEIRO
ROUBADO;VW/GOL 16V POWER;2002;VERMELHO;28/01/2020 18:40:00;JANEIRO
FURTADO;HYUNDAI/HB20 1.6M PREM;0;PRETA;28/01/2020 19:30:00;JANEIRO
FURTADO;FIAT/STRADA WORKING CD;2016;PRATA;28/01/2020 20:20:00;JANEIRO
ROUBADO;GM/CORSA ST;0;BRANCO;28/01/2020 21:00:00;JANEIRO
FURTADO;HONDA/CG 150 TITAN KS;2006;PRETA;28/01/2020 23:00:00;JANEIRO
FURTADO;VW/SAVEIRO 1.6 CE CROSS;2011;PRETA;28/01/2020 23:00:00;JANEIRO
FURTADO;PEUGEOT/206 RALLYE 16;2002;CINZA;29/01/2020 00:00:00;JANEIRO
FURTADO;FIAT/UNO ELETRONIC;0;VERDE;29/01/2020 04:00:00;JANEIRO
FURTADO;CHEVROLET/MONTANA LS;0;CINZA;29/01/2020 08:00:00;JANEIRO
FURTADO;FIAT/UNO ELETRONIC;1995;CINZA;29/01/2020 12:10:00;JANEIRO
FURTADO;FORD/FIESTA FLEX;0;PRETA;29/01/2020 15:00:00;JANEIRO
FURTADO;CHEVROLET/ONIX 1.4MT LT;2018;PRETA;29/01/2020 17:00:00;JANEIRO
ROUBADO;HONDA/CG 150 TITAN KS;2008;AZUL;29/01/2020 17:20:00;JANEIRO
FURTADO;CHEV/PRISMA 1.4MT LT;2015;PRATA;29/01/2020 17:30:00;JANEIRO
FURTADO;VW/GOL 1.0;2010;VERMELHO;29/01/2020 18:00:00;JANEIRO
FURTADO;HYUNDAI/HB20 1.0M COMFOR;2017;PRETA;29/01/2020 18:00:00;JANEIRO
FURTADO;FIAT/STRADA WORKING CD;2016;PRATA;29/01/2020 20:20:00;JANEIRO
FURTADO;I/BMW F800 R;2010;PRATA;29/01/2020 20:40:00;JANEIRO
FURTADO;VW/PARATI CL;1988;VERMELHO;29/01/2020 21:00:00;JANEIRO
ROUBADO;FORD/KA 1.6 FLEX;2009;PRATA;29/01/2020 22:00:00;JANEIRO
FURTADO;CHEVROLET/MONTANA LS2;2019;CINZA;29/01/2020 22:45:00;JANEIRO
ROUBADO;CHEV/PRISMA 1.0MT LT;2015;PRATA;29/01/2020 23:45:00;JANEIRO
FURTADO;GM/CHEVETTE SL;1988;AZUL;30/01/2020 00:00:00;JANEIRO
FURTADO;VW/FOX 1.0;2007;PRETA;30/01/2020 00:00:00;JANEIRO
FURTADO;VW/CROSSFOX GII;2011;PRETA;30/01/2020 00:00:00;JANEIRO
FURTADO;VW/CROSSFOX GII;2011;PRETA;30/01/2020 00:00:00;JANEIRO
FURTADO;FIAT/SIENA EL FLEX;2010;PRETA;30/01/2020 00:00:00;JANEIRO
FURTADO;HONDA/CG 125I FAN;2018;VERMELHO;30/01/2020 00:10:00;JANEIRO
ROUBADO;M.BENZ/ACTROS 2546LS;2016;BRANCO;30/01/2020 03:00:00;JANEIRO
FURTADO;VW/NOVO GOL 1.0;2013;CINZA;30/01/2020 10:30:00;JANEIRO
ROUBADO;HONDA/CG 160 FAN ESDI;2016;PRATA;30/01/2020 12:00:00;JANEIRO
ROUBADO;I/HYUNDAI I30 2.0;2010;PRETA;30/01/2020 15:00:00;JANEIRO
FURTADO;I/PEUGEOT 207HB XR;0;PRETA;30/01/2020 16:40:00;JANEIRO
ROUBADO;VW/NOVO VOYAGE TL MBV;2018;CINZA;30/01/2020 17:45:00;JANEIRO
ROUBADO;GM/CORSA SEDAN MAXX;2010;PRETA;30/01/2020 20:30:00;JANEIRO
ROUBADO;YAMAHA/XT 660R;2007;PRETA;30/01/2020 22:00:00;JANEIRO
FURTADO;VW/SAVEIRO CL;1990;AZUL;31/01/2020 00:00:00;JANEIRO
FURTADO;FORD/KA FLEX;2009;VERMELHO;31/01/2020 00:00:00;JANEIRO
FURTADO;VW/GOL 1.0L MC5;2019;BRANCO;31/01/2020 00:00:00;JANEIRO
FURTADO;HONDA/CG 150 TITAN ESD;2008;CINZA;31/01/2020 00:00:00;JANEIRO
FURTADO;VW/NOVO GOL 1.0;2013;PRATA;31/01/2020 03:00:00;JANEIRO
FURTADO;VW/UP MOVE MA;2016;VERMELHO;31/01/2020 10:20:00;JANEIRO
FURTADO;VW/NOVO GOL 1.0;0;BRANCO;31/01/2020 11:00:00;JANEIRO
ROUBADO;BMW/328I ACTIVE FLEX;2016;CINZA;31/01/2020 14:00:00;JANEIRO
FURTADO;FIAT/UNO MILLE ECONOMY;0;BRANCO;31/01/2020 16:00:00;JANEIRO
FURTADO;VW/SAVEIRO CL;1991;BRANCO;31/01/2020 18:00:00;JANEIRO
FURTADO;VW/GOL GL 1.8;1991;AZUL;31/01/2020 18:00:00;JANEIRO
ROUBADO;FIAT/PALIO ELX;2002;AZUL;31/01/2020 18:00:00;JANEIRO
ROUBADO;FIAT/UNO VIVACE 1.0;2015;PRATA;31/01/2020 20:07:00;JANEIRO
ROUBADO;FORD/F4000 G;2005;VERMELHO;31/01/2020 22:00:00;JANEIRO
ROUBADO;FIAT/DUCATO MINIBUS;2011;BRANCO;01/02/2020 11:30:00;FEVEREIRO
FURTADO;HYUNDAI/HB20 1.0M COMFOR;2018;BRANCO;01/02/2020 12:00:00;FEVEREIRO
ROUBADO;RENAULT/LOGAN EXPR 16 M;2015;PRATA;01/02/2020 17:00:00;FEVEREIRO
FURTADO;FIAT/PALIO FIRE FLEX;0;PRATA;01/02/2020 17:10:00;FEVEREIRO
FURTADO;IMP/VW POINTER 1.8I;1996;AZUL;01/02/2020 18:00:00;FEVEREIRO
FURTADO;GM/C20 CUSTOM S;1993;BRANCO;01/02/2020 21:00:00;FEVEREIRO
FURTADO;GM/C20 CUSTOM S;1993;BRANCO;01/02/2020 21:00:00;FEVEREIRO
FURTADO;HONDA/FIT LX FLEX;0;PRETA;01/02/2020 21:00:00;FEVEREIRO
FURTADO;HYUNDAI/HB20S 1.6A PREM;0;PRETA;01/02/2020 21:40:00;FEVEREIRO
ROUBADO;FIAT/PALIO WK TREKK 1.6;2014;PRATA;02/02/2020 04:45:00;FEVEREIRO
FURTADO;VW/GOL 1.6;0;PRETA;02/02/2020 10:15:00;FEVEREIRO
FURTADO;TROLLER/T4 TDI 3.0;2007;BRANCO;02/02/2020 16:00:00;FEVEREIRO
FURTADO;VW/FOX 1.6 PRIME GII;2013;PRETA;02/02/2020 18:00:00;FEVEREIRO
FURTADO;I/PEUGEOT 307 16 FELINE;0;PRETA;02/02/2020 18:00:00;FEVEREIRO
FURTADO;VW/GOL MI;1997;VERMELHO;02/02/2020 19:00:00;FEVEREIRO
FURTADO;HYUNDAI/HB20S 1.0M COMF;2018;PRATA;02/02/2020 19:00:00;FEVEREIRO
ROUBADO;GM/MONTANA CONQUEST;2009;PRETA;02/02/2020 20:00:00;FEVEREIRO
FURTADO;GM/KADETT SL EFI;1993;BRANCO;02/02/2020 22:00:00;FEVEREIRO
ROUBADO;CHEVROLET/COBALT 1.8 LTZ;2013;PRATA;02/02/2020 23:00:00;FEVEREIRO
FURTADO;FIAT/STRADA ADVENT FLEX;2009;VERMELHO;02/02/2020 23:40:00;FEVEREIRO
ROUBADO;FORD/FORD PAMPA L;1994;PRATA;03/02/2020 00:00:00;FEVEREIRO
FURTADO;VW/GOL MI;1997;VERDE;03/02/2020 00:00:00;FEVEREIRO
FURTADO;VW/GOL SPECIAL;2003;CINZA;03/02/2020 00:00:00;FEVEREIRO
FURTADO;FORD/KA SE 1.5 SD C;2019;CINZA;03/02/2020 00:00:00;FEVEREIRO
FURTADO;FIAT/UNO VIVACE 1.0;2013;VERMELHO;03/02/2020 08:30:00;FEVEREIRO
FURTADO;HONDA/CG 160 START;2017;PRETA;03/02/2020 16:30:00;FEVEREIRO
FURTADO;YAMAHA/YBR 125K;2008;PRATA;03/02/2020 18:00:00;FEVEREIRO
ROUBADO;FORD/ECOSPORT FSL 1.6;0;BRANCO;03/02/2020 18:20:00;FEVEREIRO
ROUBADO;FORD/ECOSPORT FSL 1.6;0;BRANCO;03/02/2020 18:20:00;FEVEREIRO
ROUBADO;FORD/ECOSPORT FSL 1.6;0;BRANCO;03/02/2020 18:20:00;FEVEREIRO
ROUBADO;FORD/ECOSPORT FSL 1.6;0;BRANCO;03/02/2020 18:20:00;FEVEREIRO
FURTADO;HYUNDAI/HB20S 1.6A PREM;2016;PRETA;03/02/2020 21:15:00;FEVEREIRO
FURTADO;I/VW FOX 1.6 GII;0;VERMELHO;03/02/2020 21:30:00;FEVEREIRO
FURTADO;I/VW FOX 1.6 GII;0;VERMELHO;03/02/2020 21:30:00;FEVEREIRO
ROUBADO;SCANIA/R450 A6X2;2019;BRANCO;04/02/2020 01:30:00;FEVEREIRO
FURTADO;VW/GOL CLI;1995;VERMELHO;04/02/2020 18:00:00;FEVEREIRO
FURTADO;VW/GOL CLI;1995;VERMELHO;04/02/2020 18:00:00;FEVEREIRO
FURTADO;I/FORD RANGER XL 12D;2001;PRATA;04/02/2020 19:00:00;FEVEREIRO
FURTADO;HYUNDAI/HB20S 1.6M COMF;0;BRANCO;04/02/2020 20:30:00;FEVEREIRO
FURTADO;VW/GOL CL;1994;AZUL;04/02/2020 21:00:00;FEVEREIRO
ROUBADO;HONDA/BIZ 125 ES;2008;PRETA;04/02/2020 22:13:00;FEVEREIRO
FURTADO;GM/MERIVA;2003;PRATA;05/02/2020 06:00:00;FEVEREIRO
FURTADO;I/VW GOL 1.0 PLUS;0;CINZA;05/02/2020 10:50:00;FEVEREIRO
FURTADO;FORD/FIESTA SEDAN1.6FLEX;0;PRETA;05/02/2020 12:30:00;FEVEREIRO
FURTADO;HONDA/CG 125 FAN KS;2012;ROXA;05/02/2020 13:00:00;FEVEREIRO
FURTADO;VW/GOL 1000I;1996;PRATA;05/02/2020 18:00:00;FEVEREIRO
FURTADO;CHEVROLET/ONIX 1.4MT LTZ;2015;BRANCO;05/02/2020 18:00:00;FEVEREIRO
FURTADO;I/VW TIGUAN 2.0 TSI;2010;BRANCO;05/02/2020 19:30:00;FEVEREIRO
FURTADO;VW/VOLKSWAGEN;1973;MARROM;05/02/2020 19:50:00;FEVEREIRO
FURTADO;FIAT/MOBI EASY;2020;BRANCO;05/02/2020 21:15:00;FEVEREIRO
ROUBADO;GM/CLASSIC LIFE;2005;AZUL;05/02/2020 22:25:00;FEVEREIRO
ROUBADO;GM/CLASSIC LIFE;2005;AZUL;05/02/2020 22:25:00;FEVEREIRO
FURTADO;VW/GOL CLI 1.8;0;VERMELHO;05/02/2020 22:50:00;FEVEREIRO
ROUBADO;VOLVO/FH 460 6X2T;2014;BRANCO;05/02/2020 23:00:00;FEVEREIRO
FURTADO;VW/GOL 1000I;1995;AZUL;06/02/2020 00:00:00;FEVEREIRO
FURTADO;HONDA/CIVIC EXR;2014;PRATA;06/02/2020 00:00:00;FEVEREIRO
FURTADO;VW/NOVO VOYAGE 1.6 CITY;0;BRANCO;06/02/2020 02:02:00;FEVEREIRO
FURTADO;FIAT/UNO WAY 1.0;2011;PRETA;06/02/2020 06:00:00;FEVEREIRO
FURTADO;GM/MERIVA PREMIUM;0;PRATA;06/02/2020 08:15:00;FEVEREIRO
FURTADO;YAMAHA/XTZ250 LANDER;2020;PRETA;06/02/2020 19:00:00;FEVEREIRO
FURTADO;FIAT/TORO FREEDOM AT6;2020;CINZA;06/02/2020 20:00:00;FEVEREIRO
FURTADO;FORD/ECOSPORT XL 1.6FLEX;2006;PRATA;06/02/2020 20:30:00;FEVEREIRO
FURTADO;VW/SAVEIRO CE CROSS MA;2015;BRANCO;06/02/2020 21:00:00;FEVEREIRO
FURTADO;FIAT/PALIO 1.0 FLEX;0;PRATA;06/02/2020 21:30:00;FEVEREIRO
ROUBADO;TOYOTA/COROLLA XEI20FLEX;2011;PRATA;06/02/2020 21:30:00;FEVEREIRO
FURTADO;FIAT/UNO VIVACE 1.0;2013;PRATA;06/02/2020 22:00:00;FEVEREIRO
FURTADO;VW/GOL 1.6L MB5;0;PRETA;07/02/2020 03:00:00;FEVEREIRO
FURTADO;VW/GOL SPECIAL;2000;PRATA;07/02/2020 13:30:00;FEVEREIRO
ROUBADO;GM/CORSA HATCH MAXX;2012;PRETA;07/02/2020 15:00:00;FEVEREIRO
ROUBADO;HONDA/CB600F HORNET;2012;BRANCO;07/02/2020 17:50:00;FEVEREIRO
FURTADO;FORD/FIESTA 1.6 FLEX;2011;PRATA;07/02/2020 19:00:00;FEVEREIRO
ROUBADO;FIAT/PALIO FIRE FLEX;2009;PRATA;07/02/2020 20:30:00;FEVEREIRO
ROUBADO;I/GM CAPTIVA SPORT FWD;2010;PRATA;07/02/2020 21:30:00;FEVEREIRO
ROUBADO;I/GM CAPTIVA SPORT FWD;2010;PRATA;07/02/2020 21:30:00;FEVEREIRO
FURTADO;HONDA/CG 150 SPORT;2008;VERMELHO;08/02/2020 00:00:00;FEVEREIRO
FURTADO;VW/CROSSFOX;2008;PRETA;08/02/2020 03:25:00;FEVEREIRO
FURTADO;HONDA/BIZ 125 KS;2007;VERMELHO;08/02/2020 04:30:00;FEVEREIRO
FURTADO;FORD/KA SE 1.5 SD;2015;BRANCO;08/02/2020 07:10:00;FEVEREIRO
FURTADO;CITROEN/XSARA PICASSO GX;0;AZUL;08/02/2020 12:00:00;FEVEREIRO
FURTADO;HONDA/CG 125 TITAN;1999;VERDE;08/02/2020 14:00:00;FEVEREIRO
FURTADO;HONDA/CG 125 TITAN;1999;VERDE;08/02/2020 14:00:00;FEVEREIRO
ROUBADO;HONDA/NXR160 BROS ESDD;2018;LARANJA;08/02/2020 17:00:00;FEVEREIRO
FURTADO;I/CHEV CRUZE LT NB AT;2018;PRATA;08/02/2020 18:45:00;FEVEREIRO
FURTADO;VW/GOL 1000I;1995;VERMELHO;09/02/2020 00:00:00;FEVEREIRO
FURTADO;VW/GOL MI;1998;CINZA;09/02/2020 00:00:00;FEVEREIRO
FURTADO;VW/SANTANA;1996;AZUL;09/02/2020 00:00:00;FEVEREIRO
FURTADO;VW/SANTANA;1996;AZUL;09/02/2020 00:00:00;FEVEREIRO
FURTADO;CHEVROLET/ONIX 1.0MT LS;2013;PRATA;09/02/2020 00:00:00;FEVEREIRO
FURTADO;GM/CORSA GL;2000;PRATA;09/02/2020 00:00:00;FEVEREIRO
FURTADO;HONDA/CG 150 FAN ESI;2011;VERMELHO;09/02/2020 03:00:00;FEVEREIRO
FURTADO;HONDA/CG 150 FAN ESI;0;PRETA;09/02/2020 05:00:00;FEVEREIRO
FURTADO;HONDA/CG 125 FAN KS;2012;PRETA;09/02/2020 05:00:00;FEVEREIRO
FURTADO;CHEVROLET/CELTA 1.0L LT;0;PRETA;09/02/2020 06:00:00;FEVEREIRO
FURTADO;VW/VOYAGE 1.6L MB5;2019;CINZA;09/02/2020 20:30:00;FEVEREIRO
ROUBADO;CHEVROLET/ONIX 1.4MT LTZ;2013;PRETA;09/02/2020 21:45:00;FEVEREIRO
FURTADO;YAMAHA/YBR 125E;2005;AZUL;09/02/2020 22:20:00;FEVEREIRO
ROUBADO;FIAT/SIENA ATTRACTIV 1.4;2018;PRETA;09/02/2020 23:30:00;FEVEREIRO
FURTADO;I/CHEVROLET AGILE LTZ;2011;PRATA;10/02/2020 00:00:00;FEVEREIRO
ROUBADO;HYUNDAI/HB20 1.6A COMF;2019;BRANCO;10/02/2020 00:10:00;FEVEREIRO
FURTADO;FIAT/FIAT UNO S;1989;VERDE;10/02/2020 01:00:00;FEVEREIRO
FURTADO;FIAT/UNO ATTRACTIVE 1.0;2020;BRANCO;10/02/2020 03:30:00;FEVEREIRO
FURTADO;HYUNDAI/HB20 1.6M COMF;0;BRANCO;10/02/2020 05:00:00;FEVEREIRO
FURTADO;GM/CORSA GSI 16V;1995;VERMELHO;10/02/2020 08:00:00;FEVEREIRO
FURTADO;I/NISSAN TIIDA 1.8 S;2008;PRETA;10/02/2020 12:45:00;FEVEREIRO
FURTADO;HONDA/CG 150 TITAN KS;2008;VERMELHO;10/02/2020 14:30:00;FEVEREIRO
ROUBADO;HARLEYDAVIDSON/FLHTCI;2006;PRETA;10/02/2020 17:30:00;FEVEREIRO
FURTADO;I/FIAT FREEMONT PRECISIO;2012;CINZA;10/02/2020 19:40:00;FEVEREIRO
FURTADO;RENAULT/SANDERO EXP 16;2008;PRATA;10/02/2020 20:50:00;FEVEREIRO
FURTADO;HONDA/NXR150 BROS KS;2008;PRETA;11/02/2020 00:00:00;FEVEREIRO
FURTADO;GM/KADETT GL;1995;PRETA;11/02/2020 05:00:00;FEVEREIRO
FURTADO;VW/NOVA SAVEIRO RB MBVS;2018;BRANCO;11/02/2020 06:30:00;FEVEREIRO
FURTADO;CHEVROLET/CELTA 1.0L LT;0;PRATA;11/02/2020 10:55:00;FEVEREIRO
ROUBADO;NISSAN/MARCH 10S;2018;BRANCO;11/02/2020 16:40:00;FEVEREIRO
FURTADO;GM/CORSA WIND;1996;CINZA;11/02/2020 18:00:00;FEVEREIRO
FURTADO;GM/CLASSIC LIFE;2010;BEGE;11/02/2020 19:00:00;FEVEREIRO
FURTADO;FIAT/UNO MILLE SX;1997;BRANCO;11/02/2020 20:00:00;FEVEREIRO
ROUBADO;FORD/FORD PAMPA L;1994;PRATA;12/02/2020 00:00:00;FEVEREIRO
FURTADO;HONDA/CG 125 FAN;2008;PRETA;12/02/2020 00:00:00;FEVEREIRO
FURTADO;CHEVROLET/MONTANA LS2;2017;BRANCO;12/02/2020 00:00:00;FEVEREIRO
FURTADO;CHEVROLET/MONTANA LS2;2017;BRANCO;12/02/2020 00:00:00;FEVEREIRO
FURTADO;CHEVROLET/MONTANA LS2;2017;BRANCO;12/02/2020 00:00:00;FEVEREIRO
FURTADO;VW/GOL;0;CINZA;12/02/2020 04:00:00;FEVEREIRO
FURTADO;JEEP/COMPASS LONGITUDE F;2019;BRANCO;12/02/2020 14:07:00;FEVEREIRO
FURTADO;PEUGEOT/207PASSION XR S;2011;CINZA;12/02/2020 15:30:00;FEVEREIRO
ROUBADO;HONDA/CG 160 TITAN;2019;PRATA;12/02/2020 17:30:00;FEVEREIRO
FURTADO;FIAT/SIENA EL 1.4 FLEX;2014;PRATA;12/02/2020 18:00:00;FEVEREIRO
FURTADO;YAMAHA/FACTOR YBR125 ED;0;PRETA;12/02/2020 19:00:00;FEVEREIRO
ROUBADO;HONDA/CG 160 FAN;2019;CINZA;12/02/2020 22:00:00;FEVEREIRO
FURTADO;VW/PARATI 16V;1998;PRATA;13/02/2020 00:00:00;FEVEREIRO
FURTADO;VW/GOL 16V POWER;2003;PRETA;13/02/2020 00:00:00;FEVEREIRO
FURTADO;FIAT/UNO WAY 1.0;2013;PRATA;13/02/2020 00:00:00;FEVEREIRO
ROUBADO;SR/FACCHINI SRF CF;2016;CINZA;13/02/2020 01:00:00;FEVEREIRO
ROUBADO;SCANIA/P 360 A6X2;2013;BRANCO;13/02/2020 01:00:00;FEVEREIRO
FURTADO;VW/CROSSFOX GII;2013;PRATA;13/02/2020 01:30:00;FEVEREIRO
FURTADO;VW/31.320 CNC 6X4;2010;BRANCO;13/02/2020 03:00:00;FEVEREIRO
FURTADO;FORD/CARGO 2628 E;2009;BRANCO;13/02/2020 03:00:00;FEVEREIRO
FURTADO;VW/SAVEIRO CE CROSS MA;2016;BRANCO;13/02/2020 05:00:00;FEVEREIRO
ROUBADO;VW/SANTANA CL 1800 I;1994;VERDE;13/02/2020 06:00:00;FEVEREIRO
FURTADO;HYUNDAI/HB20 1.0M COMFOR;2018;PRATA;13/02/2020 07:40:00;FEVEREIRO
FURTADO;HONDA/FIT LX FLEX;2013;CINZA;13/02/2020 09:40:00;FEVEREIRO
FURTADO;VW/GOL 1.0 GIV;2014;VERMELHO;13/02/2020 11:00:00;FEVEREIRO
FURTADO;CHEVROLET/MONTANA LS;0;PRATA;13/02/2020 16:30:00;FEVEREIRO
FURTADO;VW/NOVO GOL 1.6 CITY;2014;PRATA;13/02/2020 20:00:00;FEVEREIRO
ROUBADO;FORD/FIESTA HA 1.6L SE A;2014;PRETA;13/02/2020 20:30:00;FEVEREIRO
ROUBADO;HONDA/CG 150 TITAN KS;2008;PRETA;13/02/2020 21:00:00;FEVEREIRO
ROUBADO;VW/FOX 1.6 PRIME GII;2012;PRETA;13/02/2020 22:06:00;FEVEREIRO
ROUBADO;I/CHRYSLER 300C V6;2008;PRATA;14/02/2020 02:20:00;FEVEREIRO
FURTADO;VW/PARATI CL 1.8 MI;1997;VERDE;14/02/2020 06:00:00;FEVEREIRO
FURTADO;FIAT/PALIO ESSENCE 1.6;2013;PRETA;14/02/2020 06:00:00;FEVEREIRO
FURTADO;FIAT/UNO ATTRACTIVE 1.0;2019;BRANCO;14/02/2020 06:00:00;FEVEREIRO
FURTADO;FIAT/UNO ATTRACTIVE 1.0;2019;BRANCO;14/02/2020 06:00:00;FEVEREIRO
FURTADO;RENAULT/LOGAN AUTH 1016V;2015;CINZA;14/02/2020 07:00:00;FEVEREIRO
FURTADO;GM/KADETT GL;1995;AZUL;14/02/2020 12:00:00;FEVEREIRO
ROUBADO;I/CITROEN C4 PALLAS20GAF;2010;PRATA;14/02/2020 18:00:00;FEVEREIRO
FURTADO;I/HYUNDAI TUCSON GL 20L;2008;PRATA;14/02/2020 19:00:00;FEVEREIRO
ROUBADO;VW/KOMBI;2011;BRANCO;14/02/2020 20:00:00;FEVEREIRO
ROUBADO;VW/KOMBI;2011;BRANCO;14/02/2020 20:00:00;FEVEREIRO
ROUBADO;VW/SAVEIRO CS ST MB;2016;BRANCO;14/02/2020 20:00:00;FEVEREIRO
FURTADO;HYUNDAI/HB20 1.0M COMFOR;2018;PRATA;14/02/2020 20:30:00;FEVEREIRO
FURTADO;VW/GOL PLUS MI;1997;BRANCO;15/02/2020 00:00:00;FEVEREIRO
ROUBADO;CHEV/PRISMA 10MT JOYE;2019;BRANCO;15/02/2020 01:00:00;FEVEREIRO
ROUBADO;HONDA/CG 125 FAN KS;2012;VERMELHO;15/02/2020 02:00:00;FEVEREIRO
FURTADO;VW/NOVO FOX HL SD;0;BRANCO;15/02/2020 02:30:00;FEVEREIRO
FURTADO;VW/8.120 EURO3;2005;AMARELO;15/02/2020 04:30:00;FEVEREIRO
ROUBADO;GM/MONZA SL/E 1.8;1988;VERDE;15/02/2020 06:00:00;FEVEREIRO
ROUBADO;CHEVROLET/CRUZE LTZ NB;2014;PRATA;15/02/2020 21:00:00;FEVEREIRO
FURTADO;FIAT/SIENA FIRE FLEX;2008;CINZA;16/02/2020 00:00:00;FEVEREIRO
FURTADO;FIAT/STRADA FIRE FLEX;2011;BRANCO;16/02/2020 00:00:00;FEVEREIRO
FURTADO;I/HYUNDAI AZERA 3.3 V6;2011;PRETA;16/02/2020 00:00:00;FEVEREIRO
FURTADO;HONDA/CG 125 TITAN KS;2000;VERMELHO;16/02/2020 00:00:00;FEVEREIRO
FURTADO;VW/8.160 DRC 4X2;0;BRANCO;16/02/2020 00:30:00;FEVEREIRO
ROUBADO;CHEVROLET/MONTANA LS;2013;BRANCO;16/02/2020 02:00:00;FEVEREIRO
FURTADO;HONDA/CIVIC LXS;2007;PRATA;16/02/2020 03:00:00;FEVEREIRO
FURTADO;VW/GOL 16V;0;AZUL;16/02/2020 03:15:00;FEVEREIRO
FURTADO;IMP/FIAT PALIO ED;0;BRANCO;16/02/2020 04:00:00;FEVEREIRO
FURTADO;VW/GOL MI;1997;VERDE;16/02/2020 04:30:00;FEVEREIRO
FURTADO;I/FORD FIESTA SD 1.6LSE;2014;CINZA;16/02/2020 17:00:00;FEVEREIRO
FURTADO;I/HONDA CITY EX FLEX;2013;PRATA;16/02/2020 18:00:00;FEVEREIRO
FURTADO;GM/KADETT SL/E EFI;1993;CINZA;16/02/2020 20:51:00;FEVEREIRO
FURTADO;VW/GOL SPECIAL;2002;CINZA;17/02/2020 00:00:00;FEVEREIRO
FURTADO;VW/KOMBI;0;BRANCO;17/02/2020 07:20:00;FEVEREIRO
FURTADO;VW/KOMBI;0;BRANCO;17/02/2020 07:20:00;FEVEREIRO
ROUBADO;M.BENZ/ATEGO 1719;2013;BRANCO;17/02/2020 09:30:00;FEVEREIRO
FURTADO;VW/GOL 1.0;0;PRETA;17/02/2020 20:30:00;FEVEREIRO
FURTADO;VW/GOL 1000I;1996;BRANCO;17/02/2020 21:30:00;FEVEREIRO
FURTADO;FIAT/MOBI DRIVE;0;BRANCO;17/02/2020 22:30:00;FEVEREIRO
ROUBADO;HONDA/CG 150 SPORT;2008;CINZA;17/02/2020 23:50:00;FEVEREIRO
FURTADO;HONDA/CG 150 TITAN KS;2004;PRETA;18/02/2020 00:00:00;FEVEREIRO
FURTADO;VW/NOVA SAVEIRO RB MBVS;2018;BRANCO;18/02/2020 02:00:00;FEVEREIRO
ROUBADO;I/M.BENZ GLA200;2015;PRETA;18/02/2020 04:50:00;FEVEREIRO
FURTADO;HONDA/XRE 300;0;PRETA;18/02/2020 14:15:00;FEVEREIRO
ROUBADO;YAMAHA/YBR150 FACTOR ED;0;PRETA;18/02/2020 14:35:00;FEVEREIRO
FURTADO;FORD/ECOSPORT XLT 1.6L;0;VERMELHO;18/02/2020 14:50:00;FEVEREIRO
FURTADO;HONDA/CG150 TITAN MIX KS;2009;CINZA;18/02/2020 16:30:00;FEVEREIRO
FURTADO;FIAT/UNO ELETRONIC;1996;VERMELHO;18/02/2020 18:00:00;FEVEREIRO
FURTADO;CHEVROLET/MONTANA LS;2015;PRATA;18/02/2020 19:00:00;FEVEREIRO
FURTADO;VW/PARATI LS;1986;CINZA;18/02/2020 20:30:00;FEVEREIRO
FURTADO;I/PEUGEOT 307 16 PR PK;2009;PRATA;18/02/2020 23:40:00;FEVEREIRO
FURTADO;VW/NOVO GOL CL MBV;2017;PRATA;19/02/2020 00:00:00;FEVEREIRO
ROUBADO;CHEVROLET/CRUZE LT NB;2012;PRATA;19/02/2020 04:00:00;FEVEREIRO
FURTADO;HONDA/CG 125 FAN KS;2010;PRETA;19/02/2020 06:00:00;FEVEREIRO
FURTADO;VW/NOVO VOYAGE 1.6 CONF.;0;PRATA;19/02/2020 07:00:00;FEVEREIRO
ROUBADO;VOLVO/FM 380 6X2T;2019;BRANCO;19/02/2020 11:20:00;FEVEREIRO
FURTADO;FORD/ECOSPORT;2004;PRATA;19/02/2020 12:00:00;FEVEREIRO
FURTADO;GM/MONZA GL;1995;VERMELHO;19/02/2020 18:00:00;FEVEREIRO
FURTADO;HONDA/CG 150 TITAN KS;2008;PRETA;19/02/2020 18:00:00;FEVEREIRO
FURTADO;VW/VOYAGE 1.6 COMFORTL;0;VERMELHO;19/02/2020 19:30:00;FEVEREIRO
FURTADO;FORD/FORD F 1000;0;CINZA;19/02/2020 20:00:00;FEVEREIRO
FURTADO;YAMAHA/T115 CRYPTON K;2015;ROXA;19/02/2020 21:00:00;FEVEREIRO
FURTADO;RENAULT/MEGANEGT DYN 20A;0;PRETA;19/02/2020 21:00:00;FEVEREIRO
ROUBADO;YAMAHA/YS150 FAZER ED;2014;PRETA;19/02/2020 21:15:00;FEVEREIRO
ROUBADO;HONDA/FIT LX FLEX;2010;PRETA;19/02/2020 21:45:00;FEVEREIRO
ROUBADO;CITROEN/C3 90M ORIGINE;2016;PRATA;19/02/2020 22:30:00;FEVEREIRO
ROUBADO;CHEVROLET/CRUZE LT HB;2014;BRANCO;19/02/2020 22:30:00;FEVEREIRO
ROUBADO;HONDA/NXR150 BROS MIX KS;2010;PRETA;19/02/2020 23:00:00;FEVEREIRO
FURTADO;HONDA/NXR150 BROS MIX ES;2010;BRANCO;20/02/2020 00:00:00;FEVEREIRO
FURTADO;VW/NOVA SAVEIRO CE CROSS;2014;BRANCO;20/02/2020 00:00:00;FEVEREIRO
FURTADO;I/CHEV AGILE 1.4MA LTZ;0;PRATA;20/02/2020 00:00:00;FEVEREIRO
FURTADO;HONDA/CG 125 FAN KS;2009;PRETA;20/02/2020 00:30:00;FEVEREIRO
FURTADO;FIAT/UNO VIVACE 1.0;2014;BRANCO;20/02/2020 06:00:00;FEVEREIRO
FURTADO;FIAT/MOBI LIKE;2019;VERMELHO;20/02/2020 07:40:00;FEVEREIRO
FURTADO;CHEVROLET/MONTANA LS;2014;PRATA;20/02/2020 10:25:00;FEVEREIRO
FURTADO;VW/GOL SPECIAL;1999;BRANCO;20/02/2020 12:00:00;FEVEREIRO
FURTADO;FIAT/UNO MILLE ECONOMY;2009;AZUL;20/02/2020 12:00:00;FEVEREIRO
FURTADO;VW/GOL 1.0 GIV;2009;CINZA;20/02/2020 12:00:00;FEVEREIRO
FURTADO;CHEVROLET/ONIX 1.4MT LTZ;2014;BRANCO;20/02/2020 12:10:00;FEVEREIRO
FURTADO;FIAT/UNO ELETRONIC;1995;AZUL;20/02/2020 15:00:00;FEVEREIRO
FURTADO;YAMAHA/FACTOR YBR125 K;0;PRETA;20/02/2020 16:30:00;FEVEREIRO
FURTADO;CITROEN/C3 GLX 14 FLEX;2009;PRATA;20/02/2020 18:00:00;FEVEREIRO
FURTADO;VW/SANTANA;1997;VERDE;20/02/2020 18:00:00;FEVEREIRO
FURTADO;IMP/VW VOYAGE GL;0;BRANCO;21/02/2020 00:00:00;FEVEREIRO
FURTADO;VW/NOVO CROSSFOX MA;2015;BRANCO;21/02/2020 00:00:00;FEVEREIRO
FURTADO;FIAT/STRADA WORKING;2016;BRANCO;21/02/2020 02:30:00;FEVEREIRO
FURTADO;FIAT/MOBI LIKE;2020;BRANCO;21/02/2020 02:50:00;FEVEREIRO
FURTADO;HONDA/CG150 START;2015;PRETA;21/02/2020 06:00:00;FEVEREIRO
FURTADO;HONDA/CIVIC LX;0;CINZA;21/02/2020 07:02:00;FEVEREIRO
FURTADO;HONDA/CIVIC LX;0;CINZA;21/02/2020 07:02:00;FEVEREIRO
FURTADO;VW/GOL 1.0L MC5;2019;CINZA;21/02/2020 12:00:00;FEVEREIRO
FURTADO;IMP/VW VOYAGE GL;0;PRATA;21/02/2020 18:00:00;FEVEREIRO
FURTADO;IMP/VW VOYAGE GL;0;PRATA;21/02/2020 18:00:00;FEVEREIRO
FURTADO;HONDA/CB 300R;2012;AZUL;21/02/2020 23:00:00;FEVEREIRO
FURTADO;RENAULT/DUSTER 16 4X2;2016;PRETA;22/02/2020 00:00:00;FEVEREIRO
FURTADO;TOYOTA/COROLLA XEI18FLEX;2009;PRETA;22/02/2020 00:00:00;FEVEREIRO
FURTADO;FIAT/PUNTO 1.4;2010;VERMELHO;22/02/2020 00:00:00;FEVEREIRO
FURTADO;FIAT/FIORINO IE;1996;BRANCO;22/02/2020 11:30:00;FEVEREIRO
FURTADO;I/GM CAPTIVA SPORT FWD;0;PRETA;22/02/2020 11:30:00;FEVEREIRO
FURTADO;FIAT/STRADA ADVENT FLEX;2009;VERDE;22/02/2020 17:00:00;FEVEREIRO
FURTADO;I/PEUGEOT 207HB XR;2013;BRANCO;22/02/2020 18:00:00;FEVEREIRO
FURTADO;FORD/ESCORT L;1991;VERDE;22/02/2020 18:57:00;FEVEREIRO
ROUBADO;HONDA/CG 160 FAN;2019;PRETA;22/02/2020 19:00:00;FEVEREIRO
ROUBADO;HONDA/XRE 300;2014;BRANCO;22/02/2020 20:30:00;FEVEREIRO
FURTADO;DAFRA/SPEED 150;2008;PRATA;22/02/2020 21:00:00;FEVEREIRO
ROUBADO;KAWASAKI/NINJA ZX-10R;2012;VERDE;22/02/2020 21:00:00;FEVEREIRO
FURTADO;HONDA/NXR150 BROS ES;2008;VERMELHO;22/02/2020 21:30:00;FEVEREIRO
ROUBADO;VW/GOL 1.0;2006;PRATA;22/02/2020 22:50:00;FEVEREIRO
FURTADO;VW/KOMBI;1998;BRANCO;23/02/2020 00:00:00;FEVEREIRO
FURTADO;VW/GOL 1.0;2001;CINZA;23/02/2020 00:00:00;FEVEREIRO
FURTADO;HONDA/CG150 START;2015;PRETA;23/02/2020 00:00:00;FEVEREIRO
FURTADO;GM/CORSA WIND;1994;CINZA;23/02/2020 00:30:00;FEVEREIRO
FURTADO;VW/GOL CL;1992;BEGE;23/02/2020 01:00:00;FEVEREIRO
FURTADO;VW/GOL CL;1989;PRATA;23/02/2020 01:00:00;FEVEREIRO
FURTADO;CHEVROLET/CRUZE LTZ HB;2015;BRANCO;23/02/2020 06:00:00;FEVEREIRO
FURTADO;CHEVROLET/CRUZE LTZ HB;2015;BRANCO;23/02/2020 06:00:00;FEVEREIRO
FURTADO;FIAT/UNO CS;1990;CINZA;23/02/2020 09:00:00;FEVEREIRO
FURTADO;PEUGEOT/207HB XS A;0;CINZA;23/02/2020 09:00:00;FEVEREIRO
FURTADO;VW/SANTANA 2000 MI EVID.;1998;VERDE;23/02/2020 12:00:00;FEVEREIRO
FURTADO;I/GM CORSA CLASSIC;2003;CINZA;23/02/2020 19:00:00;FEVEREIRO
FURTADO;VW/GOL CLI;1996;VERMELHO;23/02/2020 21:30:00;FEVEREIRO
FURTADO;RENAULT/SANDERO STEPWAY;2010;VERDE;23/02/2020 22:00:00;FEVEREIRO
FURTADO;GM/KADETT SL/E;1991;PRETA;24/02/2020 00:00:00;FEVEREIRO
FURTADO;VW/GOL 1.0;2012;PRETA;24/02/2020 00:00:00;FEVEREIRO
FURTADO;CHEVROLET/MONTANA LS2;2018;BRANCO;24/02/2020 00:00:00;FEVEREIRO
FURTADO;FIAT/UNO ELETRONIC;1994;CINZA;24/02/2020 00:30:00;FEVEREIRO
FURTADO;VW/VOYAGE 1.6 COMFORTL;2010;CINZA;24/02/2020 00:30:00;FEVEREIRO
ROUBADO;VW/UP MOVE MA;2015;VERMELHO;24/02/2020 00:57:00;FEVEREIRO
ROUBADO;HONDA/CB250F TWISTER CBS;2019;BRANCO;24/02/2020 01:00:00;FEVEREIRO
FURTADO;HONDA/C100 BIZ ES;0;PRETA;24/02/2020 14:30:00;FEVEREIRO
ROUBADO;CHEVROLET/CELTA 1.0L LT;0;PRATA;24/02/2020 15:00:00;FEVEREIRO
FURTADO;HYUNDAI/HB20 1.0M COMFOR;0;PRATA;24/02/2020 20:00:00;FEVEREIRO
FURTADO;HONDA/CG 125 FAN ES;2012;VERMELHO;24/02/2020 21:00:00;FEVEREIRO
ROUBADO;HONDA/CG 150 FAN ESI;2011;PRETA;24/02/2020 22:30:00;FEVEREIRO
ROUBADO;HONDA/CG 150 FAN ESI;2011;PRETA;24/02/2020 22:30:00;FEVEREIRO
FURTADO;CHEVROLET/MONTANA LS2;2018;BRANCO;25/02/2020 00:00:00;FEVEREIRO
ROUBADO;RENAULT/DUSTER 16 D 4X2;2013;CINZA;25/02/2020 07:50:00;FEVEREIRO
FURTADO;GM/CLASSIC SPIRIT;0;CINZA;25/02/2020 08:00:00;FEVEREIRO
FURTADO;CHEVROLET/ONIX 1.0MT LT;0;PRETA;25/02/2020 09:30:00;FEVEREIRO
FURTADO;VW/SAVEIRO CL;1991;PRETA;25/02/2020 18:00:00;FEVEREIRO
ROUBADO;FIAT/UNO VIVACE 1.0;0;PRATA;25/02/2020 19:00:00;FEVEREIRO
FURTADO;HONDA/CIVIC LXR;0;CINZA;25/02/2020 19:45:00;FEVEREIRO
ROUBADO;YAMAHA/FACTOR YBR125 ED;2011;VERMELHO;25/02/2020 21:00:00;FEVEREIRO
FURTADO;VW/GOL 1000;1996;BEGE;25/02/2020 22:00:00;FEVEREIRO
FURTADO;RENAULT/SANDERO STW 16HP;2014;CINZA;25/02/2020 22:20:00;FEVEREIRO
FURTADO;IMP/M.A.JCB 214;2002;AMARELO;26/02/2020 00:00:00;FEVEREIRO
FURTADO;IMP/M.A.JCB 214;2002;AMARELO;26/02/2020 00:00:00;FEVEREIRO
FURTADO;FORD/DELREY BELINA 1.8L;1990;AZUL;26/02/2020 00:00:00;FEVEREIRO
FURTADO;YAMAHA/YBR 125ED;2002;ROXA;26/02/2020 00:00:00;FEVEREIRO
FURTADO;YAMAHA/YBR 125K;2007;PRATA;26/02/2020 00:00:00;FEVEREIRO
FURTADO;FORD/FIESTA SEDAN1.6FLEX;2005;PRETA;26/02/2020 00:00:00;FEVEREIRO
FURTADO;HONDA/CG 150 TITAN KS;0;VERMELHO;26/02/2020 03:00:00;FEVEREIRO
FURTADO;VW/GOL CL;0;AZUL;26/02/2020 03:31:00;FEVEREIRO
FURTADO;HYUNDAI/HB20 1.0M COMFOR;0;PRETA;26/02/2020 08:20:00;FEVEREIRO
FURTADO;IMP/FIAT TIPO 1.6IE;1995;CINZA;26/02/2020 11:45:00;FEVEREIRO
FURTADO;VW/8.150E DELIVERY;2009;BRANCO;26/02/2020 12:00:00;FEVEREIRO
FURTADO;FIAT/UNO MILLE EX;1999;CINZA;26/02/2020 16:09:00;FEVEREIRO
FURTADO;GM/CORSA WIND;2001;AZUL;26/02/2020 20:00:00;FEVEREIRO
FURTADO;RENAULT/SANDERO STW 16HP;2014;CINZA;26/02/2020 22:20:00;FEVEREIRO
ROUBADO;HONDA/CG 150 TITAN ES;2004;VERMELHO;26/02/2020 23:30:00;FEVEREIRO
FURTADO;VW/GOL 1.0L MC4;2020;CINZA;27/02/2020 00:00:00;FEVEREIRO
FURTADO;FIAT/UNO VIVACE 1.0;0;PRATA;27/02/2020 05:00:00;FEVEREIRO
ROUBADO;I/LR R.ROVER 4.4 TDV8;2011;BRANCO;27/02/2020 05:45:00;FEVEREIRO
FURTADO;FORD/ESCORT L;1992;PRATA;27/02/2020 06:00:00;FEVEREIRO
FURTADO;VW/NOVO VOYAGE 1.6;0;CINZA;27/02/2020 09:00:00;FEVEREIRO
ROUBADO;RENAULT/MEGANESD DYN 16;2008;PRETA;27/02/2020 12:00:00;FEVEREIRO
FURTADO;VW/GOL CLI;1995;VERMELHO;27/02/2020 12:00:00;FEVEREIRO
ROUBADO;VW/UP MOVE MB;2016;BRANCO;27/02/2020 16:50:00;FEVEREIRO
FURTADO;VW/GOL CL;1989;CINZA;27/02/2020 18:00:00;FEVEREIRO
ROUBADO;HONDA/CB 300R;2010;AMARELO;27/02/2020 22:00:00;FEVEREIRO
FURTADO;VW/UP CROSS MC;2016;BRANCO;27/02/2020 22:50:00;FEVEREIRO
FURTADO;FIAT/STRADA WORKING;2013;BRANCO;28/02/2020 00:00:00;FEVEREIRO
FURTADO;VW/NOVA SAVEIRO TL MBVS;2019;BRANCO;28/02/2020 00:00:00;FEVEREIRO
ROUBADO;VOLVO/FH 420 4X2T;2019;BRANCO;28/02/2020 03:00:00;FEVEREIRO
FURTADO;VW/NOVO GOL 1.0;2014;BRANCO;28/02/2020 16:00:00;FEVEREIRO
FURTADO;HYUNDAI/HB20 1.0M COMFOR;0;PRATA;28/02/2020 16:20:00;FEVEREIRO
FURTADO;VW/GOL MI;1998;VERMELHO;28/02/2020 19:30:00;FEVEREIRO
FURTADO;VW/KOMBI;2012;BRANCO;28/02/2020 20:03:00;FEVEREIRO
FURTADO;HONDA/CBX 250 TWISTER;2004;PRETA;28/02/2020 20:10:00;FEVEREIRO
FURTADO;HONDA/CG 160 START;2020;VERMELHO;28/02/2020 23:30:00;FEVEREIRO
FURTADO;IMP/VW GOL CLI;1996;VERMELHO;29/02/2020 00:00:00;FEVEREIRO
FURTADO;VW/NOVO VOYAGE CL MBV;2017;PRETA;29/02/2020 11:20:00;FEVEREIRO
FURTADO;IMP/GM SILVERADO DLX 4.1;1998;PRETA;29/02/2020 20:00:00;FEVEREIRO
ROUBADO;HONDA/NXR160 BROS ESDD;2019;BRANCO;29/02/2020 20:00:00;FEVEREIRO
FURTADO;GM/CORSA SEDAN PREMIUM;0;PRATA;29/02/2020 20:40:00;FEVEREIRO
FURTADO;HONDA/NXR150 BROS ESD;2012;VERMELHO;29/02/2020 22:30:00;FEVEREIRO
ROUBADO;HONDA/CG 160 FAN ESDI;2017;PRETA;29/02/2020 22:30:00;FEVEREIRO
FURTADO;VW/VOYAGE 1.6L MB5;2020;PRETA;01/03/2020 00:00:00;MARÇO
FURTADO;CHEV/PRISMA 1.4AT LTZ;2014;PRATA;01/03/2020 00:00:00;MARÇO
FURTADO;GM/MONZA GLS;1996;CINZA;01/03/2020 00:00:00;MARÇO
FURTADO;GM/MERIVA MAXX;2005;PRETA;01/03/2020 00:10:00;MARÇO
FURTADO;HONDA/CG 125 TITAN KS;2004;AZUL;01/03/2020 02:00:00;MARÇO
FURTADO;DAFRA/SUPER 100;2009;VERMELHO;01/03/2020 02:00:00;MARÇO
FURTADO;DAFRA/SUPER 100;2009;VERMELHO;01/03/2020 02:00:00;MARÇO
ROUBADO;CHEV/PRISMA 1.4MT LTZ;2016;PRATA;01/03/2020 04:00:00;MARÇO
ROUBADO;TOYOTA ETIOS SD XS;2015;PRATA;01/03/2020 04:30:00;MARÇO
FURTADO;HONDA/CIVIC LXL FLEX;0;PRETA;01/03/2020 09:20:00;MARÇO
ROUBADO;CHEVROLET/MONTANA LS;2014;PRETA;01/03/2020 10:10:00;MARÇO
ROUBADO;CHEVROLET/MONTANA LS;2014;PRETA;01/03/2020 10:10:00;MARÇO
FURTADO;FIAT/PALIO WK ADVEN DUAL;2013;CINZA;01/03/2020 10:20:00;MARÇO
FURTADO;VW/GOL MI;1998;VERDE;01/03/2020 11:25:00;MARÇO
FURTADO;FIAT/UNO MILLE EP;1996;CINZA;01/03/2020 17:00:00;MARÇO
FURTADO;HONDA/CBX 250 TWISTER;2004;PRETA;01/03/2020 18:00:00;MARÇO
FURTADO;FIAT/SIENA EL 1.0 FLEX;2013;BEGE;01/03/2020 20:40:00;MARÇO
FURTADO;VW/LOGUS GLI 1.8;1995;CINZA;02/03/2020 00:00:00;MARÇO
FURTADO;CHEVROLET/MONTANA LS;2016;BRANCO;02/03/2020 00:00:00;MARÇO
FURTADO;VW/GOL 1.0L MC4;2020;PRATA;02/03/2020 00:00:00;MARÇO
ROUBADO;JEEP/RENEGADE LNGTD AT;2020;BRANCO;02/03/2020 06:00:00;MARÇO
ROUBADO;YAMAHA/FACTOR YBR125 ED;2009;PRETA;02/03/2020 12:55:00;MARÇO
FURTADO;VW/GOL I;1996;BRANCO;02/03/2020 15:10:00;MARÇO
ROUBADO;HONDA/CG 160 TITAN;2019;VERMELHO;02/03/2020 18:00:00;MARÇO
ROUBADO;TOYOTA/COROLLA GLI FLEX;2014;PRATA;02/03/2020 18:00:00;MARÇO
ROUBADO;HONDA/CIVIC LXS FLEX;2010;PRATA;02/03/2020 18:00:00;MARÇO
FURTADO;VW/SAVEIRO 1.6 CE CROSS;2011;PRATA;03/03/2020 00:00:00;MARÇO
FURTADO;I/CITROEN C4 16GLX5P F;2011;BRANCO;03/03/2020 00:00:00;MARÇO
FURTADO;CHEVROLET/MONTANA LS2;2019;BRANCO;03/03/2020 07:00:00;MARÇO
FURTADO;FORD/DEL REY;1982;BRANCO;03/03/2020 09:30:00;MARÇO
FURTADO;I/CHEVROLET AGILE LT;2012;BEGE;03/03/2020 12:40:00;MARÇO
FURTADO;CHEVROLET/ONIX 1.4MT LTZ;0;PRATA;03/03/2020 16:10:00;MARÇO
ROUBADO;GM/CELTA 2P LIFE;2010;PRETA;03/03/2020 21:10:00;MARÇO
FURTADO;HONDA/NXR 160 BROS;2016;PRETA;04/03/2020 00:00:00;MARÇO
FURTADO;VW/SAVEIRO CL 1.8;1995;BRANCO;04/03/2020 00:00:00;MARÇO
FURTADO;VW/NOVO GOL TL MBV;2017;PRETA;04/03/2020 00:00:00;MARÇO
FURTADO;FIAT/STRADA HD WK CE E;0;BRANCO;04/03/2020 06:00:00;MARÇO
ROUBADO;KAWASAKI/Z750;2010;BRANCO;04/03/2020 10:46:00;MARÇO
FURTADO;HYUNDAI/HB20 1.0M COMFOR;2018;PRATA;04/03/2020 12:00:00;MARÇO
FURTADO;HYUNDAI/HB20 1.0M COMFOR;2018;PRATA;04/03/2020 12:00:00;MARÇO
ROUBADO;HYUNDAI/HB20 1.0M COMFOR;2015;BRANCO;04/03/2020 13:15:00;MARÇO
FURTADO;VW/GOL SPECIAL;2000;VERMELHO;04/03/2020 21:00:00;MARÇO
FURTADO;VW/GOL SPECIAL;2000;VERMELHO;04/03/2020 21:00:00;MARÇO
ROUBADO;HONDA/CG150 FAN ESDI;2014;PRETA;04/03/2020 21:10:00;MARÇO
ROUBADO;HONDA/CG 160 FAN;2018;VERMELHO;04/03/2020 23:15:00;MARÇO
FURTADO;FIAT/MOBI LIKE;2019;BRANCO;05/03/2020 00:00:00;MARÇO
FURTADO;VW/GOL 1.0L MC4;2019;PRATA;05/03/2020 00:00:00;MARÇO
FURTADO;CHEVROLET/MONTANA LS2;0;BRANCO;05/03/2020 01:00:00;MARÇO
FURTADO;HONDA/CG 160 START;0;PRETA;05/03/2020 12:09:00;MARÇO
FURTADO;YAMAHA/FACTOR YBR125 ED;2013;AZUL;05/03/2020 14:00:00;MARÇO
ROUBADO;HONDA/NC 700X;2013;BRANCO;05/03/2020 18:45:00;MARÇO
ROUBADO;HONDA/NC 700X;2013;BRANCO;05/03/2020 18:45:00;MARÇO
ROUBADO;GM/CELTA 2P LIFE;2006;BRANCO;05/03/2020 20:30:00;MARÇO
FURTADO;VW/PARATI GLS;1988;PRETA;05/03/2020 20:35:00;MARÇO
FURTADO;HONDA/XR 250 TORNADO;2005;PRETA;05/03/2020 21:00:00;MARÇO
ROUBADO;I/RENAULT FLUENCE PRI20A;2011;PRETA;05/03/2020 23:10:00;MARÇO
FURTADO;FORD/FIESTA;1997;AZUL;06/03/2020 00:00:00;MARÇO
FURTADO;CHEVROLET/MONTANA LS1;2018;PRATA;06/03/2020 00:00:00;MARÇO
FURTADO;I/VW GOL 1.6;2019;PRATA;06/03/2020 00:00:00;MARÇO
FURTADO;CHEV/PRISMA 1.4MT LT;2019;PRATA;06/03/2020 00:00:00;MARÇO
FURTADO;VW/GOL CL 1.6 MI;1998;BRANCO;06/03/2020 03:00:00;MARÇO
FURTADO;I/HYUNDAI I30 2.0;2011;PRETA;06/03/2020 06:00:00;MARÇO
FURTADO;CHEVROLET/MONTANA LS;2013;BRANCO;06/03/2020 06:00:00;MARÇO
FURTADO;HONDA/CG 125 TITAN KS;2001;VERDE;06/03/2020 14:15:00;MARÇO
ROUBADO;I/LR RANGE ROVER HSE;2010;PRETA;06/03/2020 18:30:00;MARÇO
ROUBADO;PEUGEOT/207HB XR;0;CINZA;06/03/2020 20:30:00;MARÇO
ROUBADO;FORD/FIESTA SEDAN1.6FLEX;2008;PRATA;06/03/2020 21:00:00;MARÇO
ROUBADO;FORD/CARGO 6332 E;2009;BRANCO;06/03/2020 22:30:00;MARÇO
ROUBADO;FORD/CARGO 6332 E;2009;BRANCO;06/03/2020 22:30:00;MARÇO
FURTADO;FIAT/UNO MILLE ECONOMY;2012;BRANCO;07/03/2020 00:00:00;MARÇO
FURTADO;FIAT/FIORINO IE;1997;BRANCO;07/03/2020 00:00:00;MARÇO
ROUBADO;HONDA/CG 160 FAN ESDI;2017;VERMELHO;07/03/2020 00:30:00;MARÇO
ROUBADO;GM/CELTA;2001;PRATA;07/03/2020 01:00:00;MARÇO
FURTADO;VW/VW FUSCA 1300;1981;BRANCO;07/03/2020 04:00:00;MARÇO
FURTADO;GM/CORSA SUPER;1996;PRETA;07/03/2020 05:00:00;MARÇO
ROUBADO;YAMAHA/YS150 FAZER ED;2014;VERMELHO;07/03/2020 12:00:00;MARÇO
FURTADO;FIAT/FIORINO PFISTER AMB;0;BRANCO;07/03/2020 12:20:00;MARÇO
FURTADO;I/GM CLASSIC LIFE;0;PRATA;07/03/2020 14:40:00;MARÇO
FURTADO;HYUNDAI/HB20 1.0M UNIQUE;2019;PRETA;07/03/2020 18:00:00;MARÇO
ROUBADO;I/M.BENZ CLA200;2014;BRANCO;07/03/2020 21:23:00;MARÇO
FURTADO;HONDA/CG 125 FAN KS;2011;VERMELHO;07/03/2020 22:30:00;MARÇO
FURTADO;VW/GOL CL;1988;CINZA;08/03/2020 00:00:00;MARÇO
FURTADO;VW/GOL CL;1988;CINZA;08/03/2020 00:00:00;MARÇO
FURTADO;GM/KADETT SL EFI;1993;PRETA;08/03/2020 00:00:00;MARÇO
FURTADO;FIAT/UNO WAY 1.0;2012;PRATA;08/03/2020 00:00:00;MARÇO
FURTADO;HYUNDAI/HB20 1.0M COMFOR;2018;PRATA;08/03/2020 00:00:00;MARÇO
FURTADO;VW/KOMBI;1999;BRANCO;08/03/2020 08:50:00;MARÇO
ROUBADO;CHEVROLET/COBALT 18A LTZ;2019;CINZA;08/03/2020 12:30:00;MARÇO
FURTADO;VW/GOL SPECIAL;1999;BRANCO;08/03/2020 13:00:00;MARÇO
FURTADO;HONDA/CG 150 TITAN ESD;2005;PRETA;08/03/2020 18:00:00;MARÇO
ROUBADO;FORD/CARGO 2629 6X4;2013;BRANCO;08/03/2020 18:00:00;MARÇO
ROUBADO;FORD/CARGO 2629 6X4;2013;BRANCO;08/03/2020 18:00:00;MARÇO
ROUBADO;FORD/CARGO 2629 6X4;2013;BRANCO;08/03/2020 18:00:00;MARÇO
ROUBADO;FORD/CARGO 2629 6X4;2013;BRANCO;08/03/2020 18:00:00;MARÇO
ROUBADO;HONDA/FIT EXL FLEX;2009;PRETA;08/03/2020 20:30:00;MARÇO
ROUBADO;I/MMC ASX 2.0;2012;BRANCO;08/03/2020 21:30:00;MARÇO
ROUBADO;I/MMC ASX 2.0;2012;BRANCO;08/03/2020 21:30:00;MARÇO
ROUBADO;RENAULT/DUSTER 16 D 4X2;2014;BRANCO;08/03/2020 22:00:00;MARÇO
FURTADO;VW/FOX 1.6 GII;0;CINZA;08/03/2020 22:00:00;MARÇO
FURTADO;VW/PARATI CL;1991;CINZA;09/03/2020 00:00:00;MARÇO
FURTADO;VW/GOL MI;1998;VERMELHO;09/03/2020 00:00:00;MARÇO
FURTADO;HONDA/FIT LX;2004;CINZA;09/03/2020 00:00:00;MARÇO
ROUBADO;SCANIA/G 440 A6X2;2013;BRANCO;09/03/2020 02:00:00;MARÇO
FURTADO;I/JAC J3;2012;PRETA;09/03/2020 03:00:00;MARÇO
FURTADO;HONDA/CG 125 FAN ES;2010;PRETA;09/03/2020 04:00:00;MARÇO
FURTADO;FABRICACAO PROPRIA;2017;PRATA;09/03/2020 06:00:00;MARÇO
FURTADO;FORD/FIESTA;2005;PRETA;09/03/2020 06:00:00;MARÇO
FURTADO;FIAT/MOBI LIKE;2019;PRETA;09/03/2020 07:00:00;MARÇO
FURTADO;I/M.BENZ SLK 200 K;2007;PRATA;09/03/2020 12:30:00;MARÇO
FURTADO;I/M.BENZ SLK 200 K;2007;PRATA;09/03/2020 12:30:00;MARÇO
FURTADO;HONDA/CG 125 FAN;2005;AZUL;09/03/2020 18:00:00;MARÇO
FURTADO;HONDA/CIVIC LXS;2012;CINZA;09/03/2020 18:20:00;MARÇO
FURTADO;I/VW SPACEFOX SPORT GII;0;CINZA;09/03/2020 19:30:00;MARÇO
FURTADO;M.BENZ/915C;2005;VERMELHO;10/03/2020 00:00:00;MARÇO
FURTADO;HONDA/CB 300R;2010;AMARELO;10/03/2020 00:50:00;MARÇO
FURTADO;VW/GOL I;1997;PRATA;10/03/2020 02:35:00;MARÇO
FURTADO;VW/9.150 E DELIVERY;2011;BRANCO;10/03/2020 06:00:00;MARÇO
FURTADO;VW/VOYAGE 1.6 COMFORTL;0;PRETA;10/03/2020 11:00:00;MARÇO
FURTADO;VW/SANTANA 2.0;2001;PRATA;10/03/2020 12:40:00;MARÇO
FURTADO;HONDA/CG 125 TITAN ES;0;PRETA;10/03/2020 15:00:00;MARÇO
ROUBADO;CHEVROLET/PRISMA 1.4L LT;2012;PRATA;10/03/2020 15:00:00;MARÇO
FURTADO;HONDA/CG 160 FAN;0;BRANCO;10/03/2020 15:10:00;MARÇO
FURTADO;HONDA/CG150 TITAN MIX ES;0;VERMELHO;10/03/2020 18:00:00;MARÇO
FURTADO;HONDA/CG 125 FAN;2008;PRETA;10/03/2020 18:00:00;MARÇO
FURTADO;I/GM CLASSIC LIFE;2007;PRATA;10/03/2020 19:10:00;MARÇO
FURTADO;I/GM CLASSIC LIFE;2007;PRATA;10/03/2020 19:10:00;MARÇO
FURTADO;VW/GOL I;1997;AZUL;10/03/2020 20:00:00;MARÇO
FURTADO;VW/GOL I PLUS;1996;PRATA;10/03/2020 20:30:00;MARÇO
ROUBADO;HONDA/NXR150 BROS ES;0;VERMELHO;10/03/2020 20:50:00;MARÇO
ROUBADO;VW/FOX 1.0 GII;2011;VERMELHO;10/03/2020 22:21:00;MARÇO
FURTADO;FORD/FORD F 4000;1986;CINZA;11/03/2020 00:00:00;MARÇO
FURTADO;FORD/FORD F 4000;1986;CINZA;11/03/2020 00:00:00;MARÇO
FURTADO;FORD/FORD F 4000;1986;CINZA;11/03/2020 00:00:00;MARÇO
FURTADO;CHEVROLET/ONIX 1.4MT LT;2016;PRATA;11/03/2020 00:00:00;MARÇO
FURTADO;FIAT/MOBI DRIVE;2018;PRATA;11/03/2020 00:00:00;MARÇO
FURTADO;FIAT/PALIO ELX FLEX;2006;PRATA;11/03/2020 01:40:00;MARÇO
FURTADO;VW/SAVEIRO 1.6 CE;2013;PRETA;11/03/2020 06:00:00;MARÇO
FURTADO;CHEVROLET/CLASSIC LS;2014;PRETA;11/03/2020 12:00:00;MARÇO
FURTADO;FIAT/STRADA WORKING;2013;PRATA;11/03/2020 13:00:00;MARÇO
FURTADO;CHEVROLET/ONIX 1.0MT LT;2019;PRETA;11/03/2020 15:00:00;MARÇO
ROUBADO;VW/SAVEIRO CD CROSS MA;2017;BRANCO;11/03/2020 17:48:00;MARÇO
ROUBADO;I/MMC L200 TRITON HPE3.2;0;PRATA;11/03/2020 18:40:00;MARÇO
FURTADO;H/HONDA CG 125 TODAY;1990;PRATA;11/03/2020 19:50:00;MARÇO
FURTADO;GM/KADETT GL;0;VERMELHO;11/03/2020 23:00:00;MARÇO
ROUBADO;I/VW TIGUAN 2.0 TSI;2011;PRETA;12/03/2020 00:00:00;MARÇO
ROUBADO;I/CHEV CRUZE LT NB AT;2017;PRETA;12/03/2020 00:00:00;MARÇO
ROUBADO;JTA/SUZUKI EN125 YES;2008;PRETA;12/03/2020 03:40:00;MARÇO
ROUBADO;GM/CORSA WIND;2002;BRANCO;12/03/2020 14:30:00;MARÇO
FURTADO;FIAT/UNO ELETRONIC;1993;VERDE;12/03/2020 20:30:00;MARÇO
FURTADO;HYUNDAI/HB20 1.0M COMFOR;2017;BRANCO;12/03/2020 20:30:00;MARÇO
ROUBADO;CITROEN/C3 GLX 14 FLEX;2008;CINZA;12/03/2020 21:28:00;MARÇO
FURTADO;VW/VARIANT AUTOMOVEL;0;VERMELHO;12/03/2020 22:00:00;MARÇO
FURTADO;HONDA/CG 150 FAN ESI;2011;VERMELHO;13/03/2020 00:00:00;MARÇO
FURTADO;VW/GOL TL MC;2015;PRATA;13/03/2020 00:00:00;MARÇO
FURTADO;VW/NOVO GOL TL MBV;2018;VERMELHO;13/03/2020 00:00:00;MARÇO
FURTADO;HONDA/CG 125 FAN;2008;PRETA;13/03/2020 00:40:00;MARÇO
FURTADO;VW/GOL 1.0;2001;BRANCO;13/03/2020 03:20:00;MARÇO
ROUBADO;HONDA/NC 750X;2019;VERMELHO;13/03/2020 06:50:00;MARÇO
FURTADO;VW/POLO SEDAN 1.6;2008;PRATA;13/03/2020 10:30:00;MARÇO
ROUBADO;HONDA/CG 160 FAN ESDI;2017;VERMELHO;13/03/2020 11:00:00;MARÇO
FURTADO;FIAT/SIENA ATTRACTIV 1.4;2015;BRANCO;13/03/2020 21:00:00;MARÇO
ROUBADO;I/FORD FIESTA SE;2011;PRETA;13/03/2020 22:40:00;MARÇO
FURTADO;HONDA/CG 125 FAN;2005;AZUL;14/03/2020 00:00:00;MARÇO
ROUBADO;RENAULT/LOGAN EXPR 16 M;2014;BRANCO;14/03/2020 08:30:00;MARÇO
FURTADO;FORD/FIESTA FLEX;0;PRETA;14/03/2020 10:30:00;MARÇO
FURTADO;GM/ASTRA HB 4P ADVANTAGE;2008;CINZA;14/03/2020 18:00:00;MARÇO
FURTADO;VW/GOL CL 1.8 MI;1997;CINZA;14/03/2020 21:20:00;MARÇO
ROUBADO;FIAT/SIENA ELX FLEX;2006;AZUL;14/03/2020 21:50:00;MARÇO
ROUBADO;H/HONDA CG 125;1979;AZUL;15/03/2020 00:00:00;MARÇO
ROUBADO;HONDA/CG 125 TITAN;1997;CINZA;15/03/2020 00:00:00;MARÇO
FURTADO;GM/CORSA WIND;1999;VERMELHO;15/03/2020 00:20:00;MARÇO
ROUBADO;TOYOTA/COROLLA XEI20FLEX;2018;PRETA;15/03/2020 10:30:00;MARÇO
FURTADO;HONDA/CG 150 TITAN KS;2009;CINZA;15/03/2020 15:00:00;MARÇO
ROUBADO;I/VW AMAROK CD 4X4 TREND;2013;BRANCO;15/03/2020 21:15:00;MARÇO
ROUBADO;I/VW AMAROK CD 4X4 TREND;2013;BRANCO;15/03/2020 21:15:00;MARÇO
ROUBADO;I/VW AMAROK CD 4X4 TREND;2013;BRANCO;15/03/2020 21:15:00;MARÇO
ROUBADO;I/VW AMAROK CD 4X4 TREND;2013;BRANCO;15/03/2020 21:15:00;MARÇO
ROUBADO;KAWASAKI/Z750;2010;BRANCO;15/03/2020 23:30:00;MARÇO
FURTADO;FIAT/UNO MILLE EX;1999;AZUL;16/03/2020 00:00:00;MARÇO
FURTADO;VW/FOX CONNECT MB;2019;BRANCO;16/03/2020 00:00:00;MARÇO
ROUBADO;FIAT/FIORINO FLEX;2010;BRANCO;16/03/2020 06:50:00;MARÇO
ROUBADO;I/VW PASSAT 2.0T;2012;PRETA;16/03/2020 08:45:00;MARÇO
FURTADO;HYUNDAI/HB20 1.0M UNIQUE;0;BRANCO;16/03/2020 12:15:00;MARÇO
ROUBADO;NISSAN/VERSA 16UNIQUECVT;2018;CINZA;16/03/2020 20:00:00;MARÇO
FURTADO;VW/FOX 1.0 GII;2011;VERMELHO;16/03/2020 20:00:00;MARÇO
ROUBADO;FIAT/SIENA 1.0 FLEX;0;VERMELHO;16/03/2020 21:00:00;MARÇO
FURTADO;VW/NOVA SAVEIRO TL MBVS;0;PRETA;16/03/2020 22:30:00;MARÇO
ROUBADO;REB/RANDON SR TQ;2018;PRETA;17/03/2020 00:00:00;MARÇO
ROUBADO;REB/RANDON SR TQ;2018;PRETA;17/03/2020 00:00:00;MARÇO
ROUBADO;VOLVO/FH 540 6X4T;2018;BRANCO;17/03/2020 00:00:00;MARÇO
FURTADO;FIAT/FIAT FIORINO;0;BRANCO;17/03/2020 00:00:00;MARÇO
FURTADO;VW/NOVA SAVEIRO RB MBVS;2019;BRANCO;17/03/2020 02:30:00;MARÇO
ROUBADO;CHEVROLET/ONIX 1.4MT LT;2013;BRANCO;17/03/2020 08:30:00;MARÇO
ROUBADO;FIAT/DUCATO CARGO;2013;BRANCO;17/03/2020 08:30:00;MARÇO
FURTADO;CHEV/SPIN 1.8L MT LTZ;2014;PRATA;17/03/2020 09:20:00;MARÇO
FURTADO;VW/FOX RUN MBV;2017;AZUL;17/03/2020 11:00:00;MARÇO
FURTADO;FIAT/IDEA ELX FLEX;2009;PRETA;17/03/2020 11:35:00;MARÇO
ROUBADO;M.BENZ/L 1620;2008;VERMELHO;17/03/2020 12:02:00;MARÇO
ROUBADO;GM/ZAFIRA ELEGANCE;2005;PRETA;17/03/2020 12:50:00;MARÇO
FURTADO;CHEV/PRISMA 1.4MT LTZ;0;PRATA;17/03/2020 12:51:00;MARÇO
FURTADO;CHEV/PRISMA 1.4MT LTZ;0;PRATA;17/03/2020 12:51:00;MARÇO
ROUBADO;FIAT/DOBLO CARGO 1.4;2012;BRANCO;17/03/2020 18:30:00;MARÇO
ROUBADO;VW/VOYAGE 1.6;0;PRATA;17/03/2020 19:20:00;MARÇO
FURTADO;GM/CORSA;0;PRATA;17/03/2020 20:30:00;MARÇO
FURTADO;I/FORD FIESTA S;0;BRANCO;17/03/2020 20:44:00;MARÇO
ROUBADO;HONDA/CG 160 TITAN;2018;AZUL;17/03/2020 22:30:00;MARÇO
FURTADO;CHEVROLET/MONTANA SPORT;2014;BRANCO;18/03/2020 00:00:00;MARÇO
FURTADO;FIAT/STRADA HD WK CD E;2020;PRATA;18/03/2020 00:00:00;MARÇO
ROUBADO;I/AUDI A3 LM 180CV;2014;PRATA;18/03/2020 08:00:00;MARÇO
FURTADO;VW/VW FUSCA 1500;0;MARROM;18/03/2020 09:30:00;MARÇO
FURTADO;VW/VW FUSCA 1500;0;MARROM;18/03/2020 09:30:00;MARÇO
FURTADO;HONDA/CG 160 FAN;0;PRETA;18/03/2020 10:00:00;MARÇO
FURTADO;I/KIA MAGENTIS EX 2.0;2008;PRETA;18/03/2020 10:30:00;MARÇO
FURTADO;I/FIAT SIENA EL FLEX;2010;PRETA;18/03/2020 10:30:00;MARÇO
ROUBADO;HONDA/CG 160 FAN;2019;PRETA;18/03/2020 17:40:00;MARÇO
FURTADO;CHEV/PRISMA 1.4MT LT;0;BRANCO;18/03/2020 20:00:00;MARÇO
ROUBADO;TOYOTA/ETIOS SD X 15L MT;2018;CINZA;18/03/2020 20:00:00;MARÇO
FURTADO;DAFRA/SPEED 150;2012;VERMELHO;18/03/2020 20:30:00;MARÇO
ROUBADO;SR/FACCHINI SRF RT;2010;VERMELHO;18/03/2020 21:00:00;MARÇO
ROUBADO;SR/FACCHINI SRF RT;2010;VERMELHO;18/03/2020 21:00:00;MARÇO
ROUBADO;M.BENZ/ACTROS 2651S6X4;2018;VERMELHO;18/03/2020 21:00:00;MARÇO
ROUBADO;VW/NOVA SAVEIRO CS;2014;BRANCO;18/03/2020 22:30:00;MARÇO
FURTADO;HYUNDAI/HB20 1.6A 1.6 A;0;BRANCO;19/03/2020 00:05:00;MARÇO
FURTADO;VW/FOX CONNECT MB;0;BRANCO;19/03/2020 08:00:00;MARÇO
FURTADO;VW/FOX CONNECT MB;0;BRANCO;19/03/2020 08:00:00;MARÇO
FURTADO;FIAT/PALIO WEEKEND;0;CINZA;19/03/2020 14:30:00;MARÇO
FURTADO;RENAULT/SANDERO STW 16HP;0;VERMELHO;19/03/2020 17:15:00;MARÇO
ROUBADO;SR/GUERRA AG GR;2010;BRANCO;19/03/2020 19:30:00;MARÇO
ROUBADO;SR/GUERRA AG GR;2010;BRANCO;19/03/2020 19:30:00;MARÇO
ROUBADO;MAN/TGX 29.480 6X4 T;2019;BRANCO;19/03/2020 19:30:00;MARÇO
FURTADO;I/CITROEN C4;0;PRATA;19/03/2020 21:00:00;MARÇO
FURTADO;FIAT/UNO ELETRONIC;1995;VERMELHO;19/03/2020 22:00:00;MARÇO
ROUBADO;SR/FACCHINI SRF CB;2013;CINZA;19/03/2020 23:00:00;MARÇO
ROUBADO;SR/FACCHINI SRF CB;2013;CINZA;19/03/2020 23:00:00;MARÇO
ROUBADO;R/FACCHINI RE DL;2013;CINZA;19/03/2020 23:00:00;MARÇO
ROUBADO;VOLVO/FH 540 6X4T;2016;BRANCO;19/03/2020 23:00:00;MARÇO
FURTADO;CHEVROLET/MONTANA LS;2014;BRANCO;20/03/2020 00:00:00;MARÇO
FURTADO;CHEVROLET/MONTANA LS2;0;BRANCO;20/03/2020 00:20:00;MARÇO
FURTADO;FIAT/MOBI EASY;0;BRANCO;20/03/2020 06:00:00;MARÇO
FURTADO;FORD/FIESTA SEDAN1.6FLEX;2006;PRETA;20/03/2020 07:00:00;MARÇO
ROUBADO;VW/GOL 1.0;2006;PRETA;20/03/2020 17:55:00;MARÇO
FURTADO;HONDA/CG 125 FAN KS;0;PRETA;20/03/2020 20:15:00;MARÇO
FURTADO;FIAT/UNO MILLE EP;1996;AZUL;21/03/2020 00:00:00;MARÇO
FURTADO;IMP/VW GOL SPECIAL;0;CINZA;21/03/2020 18:00:00;MARÇO
FURTADO;GM/ASTRA ADVANTAGE;0;CINZA;21/03/2020 18:30:00;MARÇO
ROUBADO;I/CHEV CRUZE LTZ NB AT;2018;PRETA;21/03/2020 19:00:00;MARÇO
FURTADO;MMC/L200 TRITON GL D;0;BRANCO;21/03/2020 19:30:00;MARÇO
FURTADO;VW/GOL 1.0;2007;CINZA;21/03/2020 20:00:00;MARÇO
FURTADO;CHEVROLET/MONTANA LS2;2019;CINZA;22/03/2020 00:00:00;MARÇO
FURTADO;GM/CORSA MILENIUM;2001;PRATA;22/03/2020 00:00:00;MARÇO
ROUBADO;FIAT/PALIO EDX;1998;VERMELHO;22/03/2020 05:00:00;MARÇO
FURTADO;YAMAHA/YBR 125K;2007;PRATA;22/03/2020 06:00:00;MARÇO
ROUBADO;GM/CELTA;0;BRANCO;22/03/2020 07:00:00;MARÇO
FURTADO;VW/GOL 16V;0;VERDE;22/03/2020 09:00:00;MARÇO
FURTADO;VW/GOL 1.0;2010;PRETA;22/03/2020 12:00:00;MARÇO
ROUBADO;SR/PALMEIRA SRCF 3E;2019;PRETA;22/03/2020 12:30:00;MARÇO
ROUBADO;SR/PALMEIRA SRCF 3E;2019;PRETA;22/03/2020 12:30:00;MARÇO
ROUBADO;SCANIA/G410 A6X2;2019;BRANCO;22/03/2020 12:30:00;MARÇO
ROUBADO;SCANIA/G410 A6X2;2019;BRANCO;22/03/2020 12:30:00;MARÇO
FURTADO;YAMAHA/FACTOR YBR125 K;2012;PRETA;22/03/2020 15:30:00;MARÇO
FURTADO;RENAULT/SANDERO EXP1016V;0;CINZA;22/03/2020 21:00:00;MARÇO
FURTADO;VW/VOYAGE 1.6L MB5;2020;PRATA;23/03/2020 00:00:00;MARÇO
ROUBADO;I/RENAULT FLUENCE DYN20A;0;PRETA;23/03/2020 06:00:00;MARÇO
FURTADO;GM/CORSA CLASSIC;2003;PRATA;23/03/2020 14:00:00;MARÇO
ROUBADO;HONDA/CG 125 FAN;0;VERMELHO;23/03/2020 23:00:00;MARÇO
FURTADO;HONDA/CG 150 TITAN ESD;2015;PRETA;24/03/2020 00:00:00;MARÇO
FURTADO;GM/CORSA WIND;0;PRATA;24/03/2020 06:31:00;MARÇO
ROUBADO;BMW/F800 R;0;CINZA;24/03/2020 10:30:00;MARÇO
FURTADO;CHEV/PRISMA 1.4MT LT;0;VERMELHO;24/03/2020 11:30:00;MARÇO
ROUBADO;CHEVROLET/ONIX 1.4AT ACT;2017;PRATA;24/03/2020 21:00:00;MARÇO
FURTADO;IMP/FORD F1000SS;0;CINZA;24/03/2020 21:40:00;MARÇO
ROUBADO;FORD/ESCORT HOBBY;1993;PRATA;24/03/2020 22:00:00;MARÇO
FURTADO;I/PEUGEOT 206 16 ALLURE;0;PRETA;24/03/2020 23:00:00;MARÇO
FURTADO;GM/CORSA WIND;1999;PRETA;25/03/2020 00:00:00;MARÇO
ROUBADO;IVECO/STRALIS 800S48TZ;2014;BRANCO;25/03/2020 01:00:00;MARÇO
FURTADO;VW/VOYAGE 1.6L MB5;2020;PRATA;25/03/2020 04:30:00;MARÇO
ROUBADO;VW/FOX 1.6 GII;2012;PRETA;25/03/2020 07:15:00;MARÇO
FURTADO;HONDA/CBX 250 TWISTER;2003;VERMELHO;25/03/2020 11:15:00;MARÇO
ROUBADO;SR/LABOR HB-2;2019;AZUL;25/03/2020 14:00:00;MARÇO
ROUBADO;SR/LABOR HB-2;2019;AZUL;25/03/2020 14:00:00;MARÇO
FURTADO;HONDA/CB 500F;2015;VERMELHO;25/03/2020 18:00:00;MARÇO
ROUBADO;I/BMW 320I PG51;2010;PRATA;25/03/2020 20:15:00;MARÇO
ROUBADO;HONDA/CG 125 FAN KS;2011;PRETA;25/03/2020 22:15:00;MARÇO
FURTADO;FORD/ESCORT 1.0 HOBBY;1995;AZUL;26/03/2020 00:00:00;MARÇO
FURTADO;FIAT/MOBI LIKE;2020;BRANCO;26/03/2020 00:00:00;MARÇO
FURTADO;VW/SAVEIRO;0;BRANCO;26/03/2020 02:35:00;MARÇO
FURTADO;VW/SAVEIRO CLI;0;VERDE;26/03/2020 21:00:00;MARÇO
ROUBADO;RENAULT/SANDERO STEP 16;0;BRANCO;26/03/2020 21:35:00;MARÇO
ROUBADO;H/HONDA 125;0;BRANCO;26/03/2020 22:30:00;MARÇO
ROUBADO;M.BENZ/AXOR 2540 S;2010;BRANCO;26/03/2020 22:47:00;MARÇO
ROUBADO;M.BENZ/AXOR 2540 S;2010;BRANCO;26/03/2020 22:47:00;MARÇO
FURTADO;YAMAHA/FACTOR YBR125 K;2009;VERMELHO;27/03/2020 00:00:00;MARÇO
ROUBADO;FIAT/UNO VIVACE 1.0;2012;AMARELO;27/03/2020 18:00:00;MARÇO
ROUBADO;I/RELY PICK-UP CDCOMFORT;2014;PRATA;27/03/2020 22:00:00;MARÇO
ROUBADO;I/RELY PICK-UP CDCOMFORT;2014;PRATA;27/03/2020 22:00:00;MARÇO
ROUBADO;CHEV/ONIX JOY;2020;PRATA;27/03/2020 23:00:00;MARÇO
FURTADO;I/FORD RANGER 13X;0;VERMELHO;28/03/2020 00:20:00;MARÇO
FURTADO;VW/24.280 CRM 6X2;2019;BRANCO;28/03/2020 03:09:00;MARÇO
ROUBADO;PEUGEOT/BOXER M33OM HDI;2009;BRANCO;28/03/2020 04:40:00;MARÇO
FURTADO;VW/VW FUSCA 1300;0;BEGE;28/03/2020 17:00:00;MARÇO
ROUBADO;HONDA/XRE 300;2011;VERMELHO;28/03/2020 19:30:00;MARÇO
ROUBADO;YAMAHA/YS150 FAZER ED;0;PRETA;28/03/2020 21:33:00;MARÇO
ROUBADO;YAMAHA/FACTOR YBR125 K;2011;PRETA;28/03/2020 23:00:00;MARÇO
ROUBADO;YAMAHA/FACTOR YBR125 K;2011;PRETA;28/03/2020 23:00:00;MARÇO
FURTADO;VW/GOL MI;1997;BRANCO;29/03/2020 00:00:00;MARÇO
FURTADO;MMC/PAJERO SPORT FLEX;2010;PRATA;29/03/2020 00:00:00;MARÇO
ROUBADO;HONDA/PCX 150;2014;VERMELHO;29/03/2020 09:00:00;MARÇO
FURTADO;HONDA/CG 150 TITAN ESD;2012;PRETA;29/03/2020 12:30:00;MARÇO
FURTADO;VW/GOL MI;1998;BRANCO;29/03/2020 18:00:00;MARÇO
FURTADO;HYUNDAI/HB20 1.0M 1.0 M;0;PRATA;29/03/2020 19:30:00;MARÇO
FURTADO;GM/BONANZA CUST DE LUXE;0;VERDE;29/03/2020 20:58:00;MARÇO
FURTADO;FORD/ESCORT L;1990;AZUL;30/03/2020 04:00:00;MARÇO
FURTADO;GMC/6100;2001;BRANCO;30/03/2020 05:00:00;MARÇO
ROUBADO;VW/24.250 CNC 6X2;2012;BRANCO;30/03/2020 09:45:00;MARÇO
ROUBADO;HONDA/FIT LXL FLEX;0;VERDE;30/03/2020 15:35:00;MARÇO
FURTADO;VW/GOL 16V;2000;PRATA;30/03/2020 18:00:00;MARÇO
ROUBADO;HONDA/CG 150 TITAN ESD;0;BRANCO;30/03/2020 19:20:00;MARÇO
FURTADO;VW/NOVO VOYAGE 1.0;0;CINZA;30/03/2020 21:30:00;MARÇO
FURTADO;FIAT/UNO MILLE SX;1997;BRANCO;31/03/2020 00:00:00;MARÇO
FURTADO;CHEVROLET/ONIX 10MT JOYE;2019;PRETA;31/03/2020 00:00:00;MARÇO
ROUBADO;M.BENZ/ATEGO 2426;2018;BRANCO;31/03/2020 08:35:00;MARÇO
ROUBADO;I/VW FOX 1.6 PLUS;0;PRATA;31/03/2020 18:00:00;MARÇO
FURTADO;GM/CORSA SUPER;2000;PRATA;31/03/2020 18:00:00;MARÇO
ROUBADO;I/VW AMAROK CD 4X4 S;2013;PRATA;31/03/2020 18:30:00;MARÇO
ROUBADO;CHEVROLET/CELTA 1.0L LT;2012;VERMELHO;31/03/2020 19:00:00;MARÇO
ROUBADO;CITROEN/JUMPER F35LH 23S;2015;BRANCO;31/03/2020 20:00:00;MARÇO
FURTADO;GM/MONZA SL/E 2.0;1988;AZUL;01/04/2020 00:00:00;ABRIL
FURTADO;HONDA/NX-4 FALCON;2004;VERMELHO;01/04/2020 00:00:00;ABRIL
FURTADO;VW/NOVO VOYAGE TL MBV;2018;PRATA;01/04/2020 00:00:00;ABRIL
FURTADO;HONDA/NXR150 BROS ESD;2013;PRETA;01/04/2020 08:30:00;ABRIL
ROUBADO;M.BENZ/ATEGO 2426;2016;CINZA;01/04/2020 10:30:00;ABRIL
FURTADO;VW/GOL MI;0;PRATA;01/04/2020 11:30:00;ABRIL
FURTADO;VW/VOYAGE 1.6 COMFORTL;0;PRATA;02/04/2020 01:00:00;ABRIL
FURTADO;GM/CORSA WIND;0;PRATA;02/04/2020 15:30:00;ABRIL
FURTADO;HONDA/CG 125 TITAN;0;VERDE;03/04/2020 00:00:00;ABRIL
FURTADO;HONDA/CG 125 TITAN;1997;VERDE;03/04/2020 00:00:00;ABRIL
FURTADO;VW/SANTANA GLS;1988;VERMELHO;03/04/2020 00:00:00;ABRIL
FURTADO;HONDA/CG 160 FAN ESDI;2016;PRETA;03/04/2020 00:00:00;ABRIL
FURTADO;HONDA/CG 160 FAN ESDI;2016;PRETA;03/04/2020 00:00:00;ABRIL
FURTADO;FIAT/FIORINO HD WK E;0;BRANCO;03/04/2020 06:00:00;ABRIL
ROUBADO;FORD/KA SE 1.0 HA B;0;PRATA;03/04/2020 08:00:00;ABRIL
ROUBADO;FORD/KA SE 1.0 HA B;0;PRATA;03/04/2020 08:00:00;ABRIL
ROUBADO;SCANIA/R 440 A6X2;2015;VERMELHO;03/04/2020 08:30:00;ABRIL
ROUBADO;REB/NOMA SR3E27 CG;2013;CINZA;03/04/2020 08:30:00;ABRIL
ROUBADO;REB/NOMA SR3E27 CG;2013;CINZA;03/04/2020 08:30:00;ABRIL
FURTADO;CHEV/TRACKER T;0;PRATA;03/04/2020 10:00:00;ABRIL
FURTADO;PEUGEOT/207HB XR;2011;PRATA;03/04/2020 15:30:00;ABRIL
ROUBADO;HONDA/CG 160 FAN;0;PRETA;03/04/2020 19:45:00;ABRIL
FURTADO;GM/CARAVAN COMODORO;0;CINZA;03/04/2020 20:00:00;ABRIL
ROUBADO;HONDA/CG 125 TITAN KS;2000;AZUL;03/04/2020 23:50:00;ABRIL
FURTADO;VW/GOL CL;1990;BRANCO;04/04/2020 00:00:00;ABRIL
FURTADO;HONDA/CG 125 FAN KS;2012;PRETA;04/04/2020 00:00:00;ABRIL
FURTADO;FIAT/UNO PICK UP LX 1.6;0;CINZA;04/04/2020 08:00:00;ABRIL
FURTADO;VW/VW FUSCA 1500;0;BRANCO;04/04/2020 08:30:00;ABRIL
FURTADO;RENAULT/SANDERO EXPR 10;0;BRANCO;04/04/2020 09:00:00;ABRIL
FURTADO;VW/PASSAT L;1975;MARROM;04/04/2020 18:00:00;ABRIL
FURTADO;VW/PASSAT L;1975;MARROM;04/04/2020 18:00:00;ABRIL
FURTADO;FIAT/PREMIO CSL 1.6;1994;CINZA;05/04/2020 01:30:00;ABRIL
FURTADO;FIAT/PREMIO CSL 1.6;1994;CINZA;05/04/2020 01:30:00;ABRIL
FURTADO;CITROEN/C3 AIRCROSS EXCM;2012;PRETA;05/04/2020 03:30:00;ABRIL
FURTADO;HONDA/CG 125 FAN ES;2009;PRETA;05/04/2020 14:40:00;ABRIL
FURTADO;HONDA/C100 BIZ MAIS;0;PRATA;05/04/2020 18:30:00;ABRIL
FURTADO;VW/GOL CLI;1996;BRANCO;06/04/2020 00:00:00;ABRIL
ROUBADO;GM/MERIVA JOY;2005;PRETA;06/04/2020 02:30:00;ABRIL
ROUBADO;CHEVROLET/ONIX 1.0MT LT;2017;CINZA;06/04/2020 05:00:00;ABRIL
FURTADO;FIAT/UNO MILLE BRIO;1991;CINZA;06/04/2020 10:00:00;ABRIL
FURTADO;GM/MERIVA JOY;0;PRATA;06/04/2020 10:00:00;ABRIL
FURTADO;FORD/ECOSPORT SE 1.6;0;BRANCO;06/04/2020 13:05:00;ABRIL
ROUBADO;HONDA/XRE 300;2017;VERDE;06/04/2020 14:43:00;ABRIL
ROUBADO;CHEV/PRISMA 10MT JOYE;2018;CINZA;06/04/2020 16:30:00;ABRIL
FURTADO;VW/GOL 1.0;0;PRATA;07/04/2020 02:40:00;ABRIL
ROUBADO;SR/GUERRA AG SI;2009;PRETA;07/04/2020 06:00:00;ABRIL
ROUBADO;SR/LIBRELATO SRCS 3E;2011;BRANCO;07/04/2020 06:00:00;ABRIL
ROUBADO;I/SCANIA R440 LA6X2MNA;2013;PRATA;07/04/2020 06:00:00;ABRIL
ROUBADO;I/SCANIA R440 LA6X4HNA;2014;BRANCO;07/04/2020 06:00:00;ABRIL
ROUBADO;SCANIA/R450 A6X2;2020;AZUL;07/04/2020 06:00:00;ABRIL
ROUBADO;SR/FACCHINI SRF LO;2013;CINZA;07/04/2020 06:00:00;ABRIL
ROUBADO;HYUNDAI/HB20 1.6M 1.6M;0;PRATA;07/04/2020 07:20:00;ABRIL
ROUBADO;HYUNDAI/HB20 1.6M 1.6M;0;PRATA;07/04/2020 07:20:00;ABRIL
ROUBADO;HYUNDAI/HB20 1.6M 1.6M;0;PRATA;07/04/2020 07:20:00;ABRIL
ROUBADO;HYUNDAI/HB20 1.6M 1.6M;0;PRATA;07/04/2020 07:20:00;ABRIL
ROUBADO;HYUNDAI/HB20 1.6M 1.6M;0;PRATA;07/04/2020 07:20:00;ABRIL
ROUBADO;HYUNDAI/HB20 1.6M 1.6M;0;PRATA;07/04/2020 07:20:00;ABRIL
ROUBADO;I/MMC L200 4X4;0;CINZA;07/04/2020 17:30:00;ABRIL
ROUBADO;I/MMC L200 4X4;0;CINZA;07/04/2020 17:30:00;ABRIL
ROUBADO;HONDA/CG 150 TITAN EX;2014;BRANCO;07/04/2020 19:40:00;ABRIL
FURTADO;VW/PARATI CL 1.8 MI;1997;VERMELHO;08/04/2020 00:00:00;ABRIL
FURTADO;VW/GOL MI;0;BRANCO;08/04/2020 00:00:00;ABRIL
FURTADO;FIAT/STRADA ADVENTURE CD;0;BRANCO;08/04/2020 03:45:00;ABRIL
ROUBADO;GM/VECTRA HATCH 4P GT-X;0;PRATA;08/04/2020 06:55:00;ABRIL
ROUBADO;FORD/CARGO 2428 CNL;2012;AZUL;08/04/2020 08:30:00;ABRIL
FURTADO;VW/FOX 1.0 GII;2014;CINZA;08/04/2020 10:00:00;ABRIL
FURTADO;VW/FOX 1.0 GII;2014;CINZA;08/04/2020 10:00:00;ABRIL
FURTADO;VW/VOYAGE 1.6 COMFORTL;0;PRETA;08/04/2020 20:00:00;ABRIL
FURTADO;FIAT/UNO ELETRONIC;0;AZUL;08/04/2020 20:30:00;ABRIL
FURTADO;FIAT/FIORINO 1.0 IE;0;BRANCO;09/04/2020 04:00:00;ABRIL
FURTADO;FIAT/STRADA HD WK CC E;2020;PRATA;09/04/2020 06:30:00;ABRIL
ROUBADO;CHEVROLET/ONIX 10MT JOYE;2019;BRANCO;09/04/2020 07:10:00;ABRIL
FURTADO;VW/GOL 16V POWER;2002;BEGE;09/04/2020 08:00:00;ABRIL
ROUBADO;M.BENZ/ATEGO 2429;2014;BRANCO;09/04/2020 13:00:00;ABRIL
ROUBADO;M.BENZ/ATEGO 2429;2014;BRANCO;09/04/2020 13:00:00;ABRIL
FURTADO;CHEVROLET/COBALT 1.4 LT;2012;PRETA;09/04/2020 19:00:00;ABRIL
FURTADO;GM/CHEVROLET D 20 CUSTON;1989;BRANCO;09/04/2020 21:15:00;ABRIL
ROUBADO;FIAT/TORO VOLCANO AT D4;2019;BRANCO;10/04/2020 08:50:00;ABRIL
FURTADO;H/HONDA 150;0;VERMELHO;10/04/2020 19:00:00;ABRIL
ROUBADO;REANAULT/OROCH 16 4X2;0;VERMELHO;11/04/2020 07:30:00;ABRIL
FURTADO;VW/POLO SEDAN 1.6 COMFOR;0;PRETA;11/04/2020 14:30:00;ABRIL
FURTADO;H/HONDA 125;0;PRETA;12/04/2020 10:00:00;ABRIL
FURTADO;HONDA/NX-4 FALCON;0;PRETA;12/04/2020 19:30:00;ABRIL
FURTADO;VW/GOL 1000I;0;PRATA;13/04/2020 02:00:00;ABRIL
FURTADO;GM/KADETT SL/E EFI;0;PRATA;13/04/2020 06:00:00;ABRIL
ROUBADO;HONDA/NXR 160 BROS;2017;PRETA;13/04/2020 06:50:00;ABRIL
ROUBADO;GM/CLASSIC SPIRIT;0;PRATA;13/04/2020 19:00:00;ABRIL
ROUBADO;PEUGEOT/BOXER M330M 23S;2010;BRANCO;13/04/2020 19:15:00;ABRIL
FURTADO;FORD/ROYALE 2.0 I GHIA;0;AZUL;14/04/2020 00:00:00;ABRIL
FURTADO;I/CHEVROLET AGILE LTZ;0;PRATA;14/04/2020 07:00:00;ABRIL
ROUBADO;FIAT/UNO VIVACE 1.0;0;PRATA;14/04/2020 10:00:00;ABRIL
ROUBADO;FORD/FIESTA HA 1.6L TI A;2014;PRETA;14/04/2020 11:56:00;ABRIL
ROUBADO;HYUNDAI/HB20 1.6M COMF;2015;PRATA;14/04/2020 11:56:00;ABRIL
FURTADO;I/MERCEDES;2001;AZUL;14/04/2020 12:00:00;ABRIL
ROUBADO;FIAT/FIORINO FLEX;2013;BRANCO;14/04/2020 14:10:00;ABRIL
FURTADO;FIAT/STRADA ADVENT FLEX;0;PRETA;14/04/2020 17:30:00;ABRIL
FURTADO;FORD/KA SE 1.0 HA;2015;PRETA;14/04/2020 18:00:00;ABRIL
ROUBADO;HONDA/NXR150 BROS KS;0;PRETA;14/04/2020 19:30:00;ABRIL
ROUBADO;I/JAC J2 1.4;2014;BRANCO;14/04/2020 21:08:00;ABRIL
FURTADO;HONDA/NXR160 BROS ESDD;2017;AZUL;15/04/2020 00:00:00;ABRIL
FURTADO;VW/NOVO GOL TL MBV;0;BRANCO;15/04/2020 03:00:00;ABRIL
ROUBADO;HONDA/CG 160 FAN;2018;BRANCO;15/04/2020 10:00:00;ABRIL
ROUBADO;VW/24.280 CRM 6X2;2019;BRANCO;15/04/2020 10:00:00;ABRIL
FURTADO;FIAT/UNO MILLE FIRE;0;BRANCO;15/04/2020 14:00:00;ABRIL
FURTADO;FIAT/MOBI LIKE;0;PRATA;15/04/2020 16:08:00;ABRIL
ROUBADO;HONDA/CG 125 FAN KS;2010;PRETA;15/04/2020 16:50:00;ABRIL
FURTADO;VW/GOL CL 1.6 MI;1997;VERDE;15/04/2020 18:00:00;ABRIL
FURTADO;FORD/FORD F 1000;1979;CINZA;16/04/2020 00:00:00;ABRIL
FURTADO;CHEVROLET/ONIX 10MT JOYE;2019;PRATA;16/04/2020 00:00:00;ABRIL
ROUBADO;FORD/CARGO 1419 S;2017;BRANCO;16/04/2020 09:00:00;ABRIL
ROUBADO;FORD/CARGO 1419 S;2017;BRANCO;16/04/2020 10:51:00;ABRIL
ROUBADO;VW/FOX CONNECT MB;2019;VERMELHO;16/04/2020 12:00:00;ABRIL
ROUBADO;FIAT/SIENA ESSENCE 1.6;0;BRANCO;16/04/2020 12:00:00;ABRIL
FURTADO;GM/CORSA GL;0;PRETA;16/04/2020 22:00:00;ABRIL
FURTADO;CHEV/PRISMA 1.4MT LT;0;BRANCO;16/04/2020 23:00:00;ABRIL
FURTADO;VW/GOL GL;1989;AZUL;17/04/2020 00:00:00;ABRIL
FURTADO;MA/MASSEY MF4283;0;VERMELHO;17/04/2020 03:00:00;ABRIL
FURTADO;I/MR JOHNDEERE 724K;0;VERDE;17/04/2020 03:00:00;ABRIL
FURTADO;HONDA/BIZ 125 EX;2015;BRANCO;17/04/2020 06:00:00;ABRIL
FURTADO;FORD/KA GL;2003;PRETA;17/04/2020 08:00:00;ABRIL
ROUBADO;FIAT/FIORINO FLEX;2011;BRANCO;17/04/2020 13:00:00;ABRIL
FURTADO;FORD/ECOSPORT XLT1.6FLEX;0;PRETA;17/04/2020 19:00:00;ABRIL
FURTADO;VW/GOL SPECIAL;2000;PRATA;18/04/2020 20:00:00;ABRIL
FURTADO;VW/GOL SPECIAL;2000;PRATA;18/04/2020 20:00:00;ABRIL
FURTADO;TOYOTA ETIOS SD XLS;0;PRETA;19/04/2020 12:00:00;ABRIL
ROUBADO;GM/VECTRA HATCH 4P GT;0;CINZA;19/04/2020 18:50:00;ABRIL
ROUBADO;VOLVO/FM 440 6X4R;2011;BRANCO;19/04/2020 19:30:00;ABRIL
FURTADO;VW/SAVEIRO SULAMER SURF;0;PRETA;19/04/2020 20:00:00;ABRIL
FURTADO;JTA/SUZUKI INTRUDER 125;2009;AZUL;19/04/2020 20:00:00;ABRIL
ROUBADO;HONDA/CG 160 TITAN;2020;AZUL;19/04/2020 22:55:00;ABRIL
ROUBADO;HONDA/CG 160 TITAN;2019;VERMELHO;20/04/2020 02:00:00;ABRIL
FURTADO;CHEV/ONIX 10MT HB;0;BRANCO;20/04/2020 02:00:00;ABRIL
FURTADO;VW/FOX CONNECT MB;0;PRATA;20/04/2020 09:30:00;ABRIL
ROUBADO;HONDA/CITY LX FLEX;2013;PRETA;20/04/2020 20:00:00;ABRIL
ROUBADO;MMC/ASX 2.0 AWD CVT;0;BRANCO;20/04/2020 20:00:00;ABRIL
ROUBADO;HONDA/CG 160 TITAN EX;2016;PRETA;20/04/2020 21:20:00;ABRIL
ROUBADO;HONDA/CG 150 TITAN KS;2006;PRATA;21/04/2020 06:00:00;ABRIL
ROUBADO;SR/RODOFORTSA SRFG 3E;2020;PRETA;21/04/2020 09:35:00;ABRIL
ROUBADO;SR/SAO PEDRO SRFB 3E;2013;PRATA;21/04/2020 09:35:00;ABRIL
ROUBADO;M.BENZ/AXOR 2644 S;2019;BRANCO;21/04/2020 09:35:00;ABRIL
FURTADO;YAMAHA/YBR 125K;0;VERMELHO;21/04/2020 16:00:00;ABRIL
ROUBADO;HONDA/CG 160 START;2018;VERMELHO;21/04/2020 22:00:00;ABRIL
FURTADO;CHEVROLET/ONIX 1.4AT LTZ;0;BRANCO;22/04/2020 12:00:00;ABRIL
FURTADO;CHEVROLET/ONIX 1.4AT LTZ;0;BRANCO;22/04/2020 12:00:00;ABRIL
FURTADO;I/HYUNDAI TUCSON GL 20L;0;PRATA;22/04/2020 12:50:00;ABRIL
ROUBADO;HONDA/XRE 300;2013;VERMELHO;22/04/2020 20:08:00;ABRIL
FURTADO;I/MMC L200 GLX 4WD;0;BRANCO;22/04/2020 20:30:00;ABRIL
ROUBADO;HONDA/CG 160 FAN;2019;CINZA;23/04/2020 00:00:00;ABRIL
FURTADO;VW/FOX CONNECT MB;0;BRANCO;23/04/2020 04:37:00;ABRIL
FURTADO;VW/FOX 1.6;0;BRANCO;23/04/2020 04:37:00;ABRIL
FURTADO;GM/BLAZER;0;CINZA;23/04/2020 08:00:00;ABRIL
FURTADO;GM/BLAZER;0;CINZA;23/04/2020 08:00:00;ABRIL
FURTADO;PEUGEOT/208 ALLURE;2015;MARROM;23/04/2020 12:00:00;ABRIL
FURTADO;FORD/ECOSPORT FSL1.6FLEX;2011;PRETA;23/04/2020 17:00:00;ABRIL
ROUBADO;I/VW GOLF HIGHLINE AA;2014;BRANCO;23/04/2020 17:00:00;ABRIL
FURTADO;VW/GOL 1000;1995;BRANCO;23/04/2020 23:00:00;ABRIL
ROUBADO;HONDA/CG 150 TITAN KS;2006;PRATA;24/04/2020 06:00:00;ABRIL
FURTADO;IMP/VW VOYAGE GL;0;BRANCO;24/04/2020 06:00:00;ABRIL
FURTADO;IMP/VW VOYAGE GL;0;BRANCO;24/04/2020 06:00:00;ABRIL
FURTADO;FIAT/UNO 1.0;0;BRANCO;24/04/2020 06:10:00;ABRIL
FURTADO;GM/CLASSIC SPIRIT;0;PRATA;24/04/2020 10:30:00;ABRIL
FURTADO;FORD/KA;0;PRATA;24/04/2020 18:00:00;ABRIL
FURTADO;GM/D20 CUSTOM DE LUXE;0;PRETA;24/04/2020 20:30:00;ABRIL
FURTADO;HONDA/CG 150 TITAN KS;2007;PRETA;25/04/2020 00:00:00;ABRIL
FURTADO;GM/MERIVA;0;CINZA;25/04/2020 01:30:00;ABRIL
ROUBADO;HONDA/CG 160 TITAN EX;2017;VERMELHO;26/04/2020 12:00:00;ABRIL
FURTADO;CHEVROLET/S10 LT FD2;0;BRANCO;26/04/2020 14:00:00;ABRIL
ROUBADO;YAMAHA/YBR125I FACTOR ED;2020;VERMELHO;26/04/2020 18:00:00;ABRIL
FURTADO;JTA/SUZUKI EN125 YES;0;PRETA;26/04/2020 18:00:00;ABRIL
ROUBADO;HONDA/CG 150 TITAN KS;2008;PRETA;26/04/2020 19:50:00;ABRIL
FURTADO;HONDA/CG 150 TITAN ESD;0;CINZA;26/04/2020 20:00:00;ABRIL
ROUBADO;YAMAHA/YBR 125K;2005;VERMELHO;26/04/2020 21:15:00;ABRIL
ROUBADO;HONDA/CG 150 TITAN ESD;2014;BRANCO;26/04/2020 23:20:00;ABRIL
FURTADO;YAMAHA/NEO AT115;2008;AZUL;27/04/2020 00:00:00;ABRIL
FURTADO;CHEVROLET/CLASSIC;0;BEGE;27/04/2020 02:00:00;ABRIL
FURTADO;HONDA/CG 125 TITAN KS;2002;PRATA;27/04/2020 09:15:00;ABRIL
FURTADO;HONDA/CG 125 TITAN KS;2002;PRATA;27/04/2020 09:15:00;ABRIL
FURTADO;HONDA/CG 125 TITAN KS;2002;PRATA;27/04/2020 09:15:00;ABRIL
FURTADO;HONDA/NX-4 FALCON;2001;VERMELHO;27/04/2020 09:30:00;ABRIL
FURTADO;VW/SANTANA;0;CINZA;27/04/2020 14:30:00;ABRIL
FURTADO;M.B./M.BENZ;1974;AZUL;27/04/2020 15:00:00;ABRIL
FURTADO;I/MMC L200 4X4;1997;PRETA;27/04/2020 18:50:00;ABRIL
FURTADO;CHEVROLET/CELTA 1.0L LT;0;PRATA;27/04/2020 20:17:00;ABRIL
FURTADO;FIAT/UNO MILLE SX;1997;VERMELHO;28/04/2020 02:40:00;ABRIL
FURTADO;I/VW GOL 1.0 PLUS;0;PRETA;28/04/2020 03:00:00;ABRIL
FURTADO;HONDA/CG 160 TITAN EX;2017;VERMELHO;28/04/2020 19:00:00;ABRIL
ROUBADO;VW/GOL 1.0 GIV;2011;PRATA;28/04/2020 19:50:00;ABRIL
ROUBADO;HONDA/CG 160 FAN;2018;BRANCO;28/04/2020 22:20:00;ABRIL
FURTADO;FIAT/FIAT FIORINO;0;BRANCO;29/04/2020 05:30:00;ABRIL
ROUBADO;FIAT/FIORINO FLEX;2011;BRANCO;29/04/2020 09:20:00;ABRIL
FURTADO;FIAT/SIENA ESSENCE 1.6;0;PRATA;29/04/2020 09:30:00;ABRIL
FURTADO;HYUNDAI/HB20S 1.6A COMF;0;PRATA;29/04/2020 11:50:00;ABRIL
FURTADO;FIAT/UNO CS;1989;AZUL;29/04/2020 12:00:00;ABRIL
FURTADO;VW/GOL 1000I;0;VERDE;29/04/2020 12:50:00;ABRIL
ROUBADO;FIAT/UNO VIVACE 1.0;0;PRATA;29/04/2020 22:10:00;ABRIL
FURTADO;FORD/KA CLX;0;AZUL;30/04/2020 02:00:00;ABRIL
FURTADO;I/TOYOTA HILUX SW4 4X4SR;0;PRATA;30/04/2020 03:00:00;ABRIL
FURTADO;CHEV/PRISMA 10MT JOYE;2019;PRATA;30/04/2020 06:30:00;ABRIL
FURTADO;FORD/FORD;0;VERMELHO;30/04/2020 20:07:00;ABRIL
ROUBADO;HONDA/CBX 250 TWISTER;0;PRETA;30/04/2020 20:10:00;ABRIL
ROUBADO;FIAT/PALIO WEEKEND ELX;2002;VERMELHO;30/04/2020 22:15:00;ABRIL
